北京,101010100,北京,1,北京,bj,bj
北京,101010200,北京,2,海淀,bj,hd
北京,101010300,北京,2,朝阳,bj,cy
北京,101010400,北京,2,顺义,bj,sy
北京,101010500,北京,2,怀柔,bj,hr
北京,101010600,北京,2,通州,bj,tz
北京,101010700,北京,2,昌平,bj,cp
北京,101010800,北京,2,延庆,bj,yq
北京,101010900,北京,2,丰台,bj,ft
北京,101011000,北京,2,石景山,bj,sjs
北京,101011100,北京,2,大兴,bj,dx
北京,101011200,北京,2,房山,bj,fs
北京,101011300,北京,2,密云,bj,my
北京,101011400,北京,2,门头沟,bj,mtg
北京,101011500,北京,2,平谷,bj,pg
安徽,101220101,合肥,1,合肥,hf,hf
安徽,101220102,合肥,2,长丰,hf,zf
安徽,101220103,合肥,2,肥东,hf,fd
安徽,101220104,合肥,2,肥西,hf,fx
安徽,101220105,合肥,2,巢湖,hf,ch
安徽,101220106,合肥,2,庐江,hf,lj
安徽,101220201,蚌埠,1,蚌埠,bb,bb
安徽,101220202,蚌埠,2,怀远,bb,hy
安徽,101220203,蚌埠,2,固镇,bb,gz
安徽,101220204,蚌埠,2,五河,bb,wh
安徽,101220301,芜湖,1,芜湖,wh,wh
安徽,101220302,芜湖,2,繁昌,wh,fc
安徽,101220303,芜湖,2,芜湖县,wh,whx
安徽,101220304,芜湖,2,南陵,wh,nl
安徽,101220305,芜湖,2,无为,wh,ww
安徽,101220401,淮南,1,淮南,hn,hn
安徽,101220402,淮南,2,凤台,hn,ft
安徽,101220403,淮南,2,潘集,hn,pj
安徽,101220501,马鞍山,1,马鞍山,mas,mas
安徽,101220502,马鞍山,2,当涂,mas,dt
安徽,101220503,马鞍山,2,含山,mas,hs
安徽,101220504,马鞍山,2,和县,mas,hx
安徽,101220601,安庆,1,安庆,aq,aq
安徽,101220602,安庆,2,枞阳,aq,zy
安徽,101220603,安庆,2,太湖,aq,th
安徽,101220604,安庆,2,潜山,aq,qs
安徽,101220605,安庆,2,怀宁,aq,hn
安徽,101220606,安庆,2,宿松,aq,ss
安徽,101220607,安庆,2,望江,aq,wj
安徽,101220608,安庆,2,岳西,aq,yx
安徽,101220609,安庆,2,桐城,aq,tc
安徽,101220701,宿州,1,宿州,sz,sz
安徽,101220702,宿州,2,砀山,sz,ds
安徽,101220703,宿州,2,灵璧,sz,lb
安徽,101220704,宿州,2,泗县,sz,sx
安徽,101220705,宿州,2,萧县,sz,xx
安徽,101220801,阜阳,1,阜阳,fy,fy
安徽,101220802,阜阳,2,阜南,fy,fn
安徽,101220803,阜阳,2,颍上,fy,ys
安徽,101220804,阜阳,2,临泉,fy,lq
安徽,101220805,阜阳,2,界首,fy,js
安徽,101220806,阜阳,2,太和,fy,th
安徽,101220901,亳州,1,亳州,bz,bz
安徽,101220902,亳州,2,涡阳,bz,wy
安徽,101220903,亳州,2,利辛,bz,lx
安徽,101220904,亳州,2,蒙城,bz,mc
安徽,101221001,黄山,1,黄山,hs,hs
安徽,101221002,黄山,2,黄山区,hs,hsq
安徽,101221003,黄山,2,屯溪,hs,tx
安徽,101221004,黄山,2,祁门,hs,qm
安徽,101221005,黄山,2,黟县,hs,yx
安徽,101221006,黄山,2,歙县,hs,sx
安徽,101221007,黄山,2,休宁,hs,xn
安徽,101221008,黄山,2,黄山风景区,hs,hsfjq
安徽,101221101,滁州,1,滁州,cz,cz
安徽,101221102,滁州,2,凤阳,cz,fy
安徽,101221103,滁州,2,明光,cz,mg
安徽,101221104,滁州,2,定远,cz,dy
安徽,101221105,滁州,2,全椒,cz,qj
安徽,101221106,滁州,2,来安,cz,la
安徽,101221107,滁州,2,天长,cz,tz
安徽,101221201,淮北,1,淮北,hb,hb
安徽,101221202,淮北,2,濉溪,hb,sx
安徽,101221301,铜陵,1,铜陵,tl,tl
安徽,101221401,宣城,1,宣城,xc,xc
安徽,101221402,宣城,2,泾县,xc,jx
安徽,101221403,宣城,2,旌德,xc,jd
安徽,101221404,宣城,2,宁国,xc,ng
安徽,101221405,宣城,2,绩溪,xc,jx
安徽,101221406,宣城,2,广德,xc,gd
安徽,101221407,宣城,2,郎溪,xc,lx
安徽,101221501,六安,1,六安,la,la
安徽,101221502,六安,2,霍邱,la,hq
安徽,101221503,六安,2,寿县,la,sx
安徽,101221505,六安,2,金寨,la,jz
安徽,101221506,六安,2,霍山,la,hs
安徽,101221507,六安,2,舒城,la,sc
安徽,101221701,池州,1,池州,cz,cz
安徽,101221702,池州,2,东至,cz,dz
安徽,101221703,池州,2,青阳,cz,qy
安徽,101221704,池州,2,九华山,cz,jhs
安徽,101221705,池州,2,石台,cz,st
重庆,101040100,重庆,1,重庆,zq,zq
重庆,101040200,重庆,2,永川,zq,yc
重庆,101040300,重庆,2,合川,zq,hc
重庆,101040400,重庆,2,南川,zq,nc
重庆,101040500,重庆,2,江津,zq,jj
重庆,101040600,重庆,2,万盛,zq,ws
重庆,101040700,重庆,2,渝北,zq,yb
重庆,101040800,重庆,2,北碚,zq,bb
重庆,101040900,重庆,2,巴南,zq,bn
重庆,101041000,重庆,2,长寿,zq,zs
重庆,101041100,重庆,2,黔江,zq,qj
重庆,101041300,重庆,2,万州,zq,wz
重庆,101041400,重庆,2,涪陵,zq,fl
重庆,101041500,重庆,2,开县,zq,kx
重庆,101041600,重庆,2,城口,zq,ck
重庆,101041700,重庆,2,云阳,zq,yy
重庆,101041800,重庆,2,巫溪,zq,wx
重庆,101041900,重庆,2,奉节,zq,fj
重庆,101042000,重庆,2,巫山,zq,ws
重庆,101042100,重庆,2,潼南,zq,tn
重庆,101042200,重庆,2,垫江,zq,dj
重庆,101042300,重庆,2,梁平,zq,lp
重庆,101042400,重庆,2,忠县,zq,zx
重庆,101042500,重庆,2,石柱,zq,sz
重庆,101042600,重庆,2,大足,zq,dz
重庆,101042700,重庆,2,荣昌,zq,rc
重庆,101042800,重庆,2,铜梁,zq,tl
重庆,101042900,重庆,2,璧山,zq,bs
重庆,101043000,重庆,2,丰都,zq,fd
重庆,101043100,重庆,2,武隆,zq,wl
重庆,101043200,重庆,2,彭水,zq,ps
重庆,101043300,重庆,2,綦江,zq,qj
重庆,101043400,重庆,2,酉阳,zq,yy
重庆,101043600,重庆,2,秀山,zq,xs
福建,101230101,福州,1,福州,fz,fz
福建,101230102,福州,2,闽清,fz,mq
福建,101230103,福州,2,闽侯,fz,mh
福建,101230104,福州,2,罗源,fz,ly
福建,101230105,福州,2,连江,fz,lj
福建,101230107,福州,2,永泰,fz,yt
福建,101230108,福州,2,平潭,fz,pt
福建,101230110,福州,2,长乐,fz,zl
福建,101230111,福州,2,福清,fz,fq
福建,101230201,厦门,1,厦门,sm,sm
福建,101230202,厦门,2,同安,sm,ta
福建,101230301,宁德,1,宁德,nd,nd
福建,101230302,宁德,2,古田,nd,gt
福建,101230303,宁德,2,霞浦,nd,xp
福建,101230304,宁德,2,寿宁,nd,sn
福建,101230305,宁德,2,周宁,nd,zn
福建,101230306,宁德,2,福安,nd,fa
福建,101230307,宁德,2,柘荣,nd,zr
福建,101230308,宁德,2,福鼎,nd,fd
福建,101230309,宁德,2,屏南,nd,pn
福建,101230401,莆田,1,莆田,pt,pt
福建,101230402,莆田,2,仙游,pt,xy
福建,101230403,莆田,2,秀屿港,pt,xyg
福建,101230404,莆田,2,涵江,pt,hj
福建,101230405,莆田,2,秀屿,pt,xy
福建,101230406,莆田,2,荔城,pt,lc
福建,101230407,莆田,2,城厢,pt,cx
福建,101230501,泉州,1,泉州,qz,qz
福建,101230502,泉州,2,安溪,qz,ax
福建,101230504,泉州,2,永春,qz,yc
福建,101230505,泉州,2,德化,qz,dh
福建,101230506,泉州,2,南安,qz,na
福建,101230507,泉州,2,崇武,qz,cw
福建,101230508,泉州,2,惠安,qz,ha
福建,101230509,泉州,2,晋江,qz,jj
福建,101230510,泉州,2,石狮,qz,ss
福建,101230601,漳州,1,漳州,zz,zz
福建,101230602,漳州,2,长泰,zz,zt
福建,101230603,漳州,2,南靖,zz,nj
福建,101230604,漳州,2,平和,zz,ph
福建,101230605,漳州,2,龙海,zz,lh
福建,101230606,漳州,2,漳浦,zz,zp
福建,101230607,漳州,2,诏安,zz,za
福建,101230608,漳州,2,东山,zz,ds
福建,101230609,漳州,2,云霄,zz,yx
福建,101230610,漳州,2,华安,zz,ha
福建,101230701,龙岩,1,龙岩,ly,ly
福建,101230702,龙岩,2,长汀,ly,zt
福建,101230703,龙岩,2,连城,ly,lc
福建,101230704,龙岩,2,武平,ly,wp
福建,101230705,龙岩,2,上杭,ly,sh
福建,101230706,龙岩,2,永定,ly,yd
福建,101230707,龙岩,2,漳平,ly,zp
福建,101230801,三明,1,三明,sm,sm
福建,101230802,三明,2,宁化,sm,nh
福建,101230803,三明,2,清流,sm,ql
福建,101230804,三明,2,泰宁,sm,tn
福建,101230805,三明,2,将乐,sm,jl
福建,101230806,三明,2,建宁,sm,jn
福建,101230807,三明,2,明溪,sm,mx
福建,101230808,三明,2,沙县,sm,sx
福建,101230809,三明,2,尤溪,sm,yx
福建,101230810,三明,2,永安,sm,ya
福建,101230811,三明,2,大田,sm,dt
福建,101230901,南平,1,南平,np,np
福建,101230902,南平,2,顺昌,np,sc
福建,101230903,南平,2,光泽,np,gz
福建,101230904,南平,2,邵武,np,sw
福建,101230905,南平,2,武夷山,np,wys
福建,101230906,南平,2,浦城,np,pc
福建,101230907,南平,2,建阳,np,jy
福建,101230908,南平,2,松溪,np,sx
福建,101230909,南平,2,政和,np,zh
福建,101230910,南平,2,建瓯,np,jo
甘肃,101160101,兰州,1,兰州,lz,lz
甘肃,101160102,兰州,2,皋兰,lz,gl
甘肃,101160103,兰州,2,永登,lz,yd
甘肃,101160104,兰州,2,榆中,lz,yz
甘肃,101160201,定西,1,定西,dx,dx
甘肃,101160202,定西,2,通渭,dx,tw
甘肃,101160203,定西,2,陇西,dx,lx
甘肃,101160204,定西,2,渭源,dx,wy
甘肃,101160205,定西,2,临洮,dx,lt
甘肃,101160206,定西,2,漳县,dx,zx
甘肃,101160207,定西,2,岷县,dx,mx
甘肃,101160208,定西,2,安定,dx,ad
甘肃,101160301,平凉,1,平凉,pl,pl
甘肃,101160302,平凉,2,泾川,pl,jc
甘肃,101160303,平凉,2,灵台,pl,lt
甘肃,101160304,平凉,2,崇信,pl,cx
甘肃,101160305,平凉,2,华亭,pl,ht
甘肃,101160306,平凉,2,庄浪,pl,zl
甘肃,101160307,平凉,2,静宁,pl,jn
甘肃,101160308,平凉,2,崆峒,pl,kt
甘肃,101160401,庆阳,1,庆阳,qy,qy
甘肃,101160403,庆阳,2,环县,qy,hx
甘肃,101160404,庆阳,2,华池,qy,hc
甘肃,101160405,庆阳,2,合水,qy,hs
甘肃,101160406,庆阳,2,正宁,qy,zn
甘肃,101160407,庆阳,2,宁县,qy,nx
甘肃,101160408,庆阳,2,镇原,qy,zy
甘肃,101160409,庆阳,2,庆城,qy,qc
甘肃,101160501,武威,1,武威,ww,ww
甘肃,101160502,武威,2,民勤,ww,mq
甘肃,101160503,武威,2,古浪,ww,gl
甘肃,101160505,武威,2,天祝,ww,tz
甘肃,101160601,金昌,1,金昌,jc,jc
甘肃,101160602,金昌,2,永昌,jc,yc
甘肃,101160701,张掖,1,张掖,zy,zy
甘肃,101160702,张掖,2,肃南,zy,sn
甘肃,101160703,张掖,2,民乐,zy,ml
甘肃,101160704,张掖,2,临泽,zy,lz
甘肃,101160705,张掖,2,高台,zy,gt
甘肃,101160706,张掖,2,山丹,zy,sd
甘肃,101160801,酒泉,1,酒泉,jq,jq
甘肃,101160803,酒泉,2,金塔,jq,jt
甘肃,101160804,酒泉,2,阿克塞,jq,aks
甘肃,101160805,酒泉,2,瓜州,jq,gz
甘肃,101160806,酒泉,2,肃北,jq,sb
甘肃,101160807,酒泉,2,玉门,jq,ym
甘肃,101160808,酒泉,2,敦煌,jq,dh
甘肃,101160901,天水,1,天水,ts,ts
甘肃,101160903,天水,2,清水,ts,qs
甘肃,101160904,天水,2,秦安,ts,qa
甘肃,101160905,天水,2,甘谷,ts,gg
甘肃,101160906,天水,2,武山,ts,ws
甘肃,101160907,天水,2,张家川,ts,zjc
甘肃,101160908,天水,2,麦积,ts,mj
甘肃,101161001,陇南,2,武都,ln,wd
甘肃,101161002,陇南,2,成县,ln,cx
甘肃,101161003,陇南,2,文县,ln,wx
甘肃,101161004,陇南,2,宕昌,ln,dc
甘肃,101161005,陇南,2,康县,ln,kx
甘肃,101161006,陇南,2,西和,ln,xh
甘肃,101161007,陇南,2,礼县,ln,lx
甘肃,101161008,陇南,2,徽县,ln,hx
甘肃,101161009,陇南,2,两当,ln,ld
甘肃,101161101,临夏,1,临夏,lx,lx
甘肃,101161102,临夏,2,康乐,lx,kl
甘肃,101161103,临夏,2,永靖,lx,yj
甘肃,101161104,临夏,2,广河,lx,gh
甘肃,101161105,临夏,2,和政,lx,hz
甘肃,101161106,临夏,2,东乡,lx,dx
甘肃,101161107,临夏,2,积石山,lx,jss
甘肃,101161201,甘南,2,合作,gn,hz
甘肃,101161202,甘南,2,临潭,gn,lt
甘肃,101161203,甘南,2,卓尼,gn,zn
甘肃,101161204,甘南,2,舟曲,gn,zq
甘肃,101161205,甘南,2,迭部,gn,db
甘肃,101161206,甘南,2,玛曲,gn,mq
甘肃,101161207,甘南,2,碌曲,gn,lq
甘肃,101161208,甘南,2,夏河,gn,xh
甘肃,101161301,白银,1,白银,by,by
甘肃,101161302,白银,2,靖远,by,jy
甘肃,101161303,白银,2,会宁,by,hn
甘肃,101161304,白银,2,平川,by,pc
甘肃,101161305,白银,2,景泰,by,jt
甘肃,101161401,嘉峪关,1,嘉峪关,jyg,jyg
广东,101280101,广州,1,广州,gz,gz
广东,101280102,广州,2,番禺,gz,fy
广东,101280103,广州,2,从化,gz,ch
广东,101280104,广州,2,增城,gz,zc
广东,101280105,广州,2,花都,gz,hd
广东,101280201,韶关,1,韶关,sg,sg
广东,101280202,韶关,2,乳源,sg,ry
广东,101280203,韶关,2,始兴,sg,sx
广东,101280204,韶关,2,翁源,sg,wy
广东,101280205,韶关,2,乐昌,sg,lc
广东,101280206,韶关,2,仁化,sg,rh
广东,101280207,韶关,2,南雄,sg,nx
广东,101280208,韶关,2,新丰,sg,xf
广东,101280209,韶关,2,曲江,sg,qj
广东,101280210,韶关,2,浈江,sg,zj
广东,101280211,韶关,2,武江,sg,wj
广东,101280301,惠州,1,惠州,hz,hz
广东,101280302,惠州,2,博罗,hz,bl
广东,101280303,惠州,2,惠阳,hz,hy
广东,101280304,惠州,2,惠东,hz,hd
广东,101280305,惠州,2,龙门,hz,lm
广东,101280401,梅州,1,梅州,mz,mz
广东,101280402,梅州,2,兴宁,mz,xn
广东,101280403,梅州,2,蕉岭,mz,jl
广东,101280404,梅州,2,大埔,mz,dp
广东,101280406,梅州,2,丰顺,mz,fs
广东,101280407,梅州,2,平远,mz,py
广东,101280408,梅州,2,五华,mz,wh
广东,101280409,梅州,2,梅县,mz,mx
广东,101280501,汕头,1,汕头,st,st
广东,101280502,汕头,2,潮阳,st,cy
广东,101280503,汕头,2,澄海,st,ch
广东,101280504,汕头,2,南澳,st,na
广东,101280601,深圳,1,深圳,sz,sz
广东,101280701,珠海,1,珠海,zh,zh
广东,101280702,珠海,2,斗门,zh,dm
广东,101280703,珠海,2,金湾,zh,jw
广东,101280800,佛山,1,佛山,fs,fs
广东,101280801,佛山,2,顺德,fs,sd
广东,101280802,佛山,2,三水,fs,ss
广东,101280803,佛山,2,南海,fs,nh
广东,101280804,佛山,2,高明,fs,gm
广东,101280901,肇庆,1,肇庆,zq,zq
广东,101280902,肇庆,2,广宁,zq,gn
广东,101280903,肇庆,2,四会,zq,sh
广东,101280905,肇庆,2,德庆,zq,dq
广东,101280906,肇庆,2,怀集,zq,hj
广东,101280907,肇庆,2,封开,zq,fk
广东,101280908,肇庆,2,高要,zq,gy
广东,101281001,湛江,1,湛江,zj,zj
广东,101281002,湛江,2,吴川,zj,wc
广东,101281003,湛江,2,雷州,zj,lz
广东,101281004,湛江,2,徐闻,zj,xw
广东,101281005,湛江,2,廉江,zj,lj
广东,101281006,湛江,2,赤坎,zj,ck
广东,101281007,湛江,2,遂溪,zj,sx
广东,101281008,湛江,2,坡头,zj,pt
广东,101281009,湛江,2,霞山,zj,xs
广东,101281010,湛江,2,麻章,zj,mz
广东,101281101,江门,1,江门,jm,jm
广东,101281103,江门,2,开平,jm,kp
广东,101281104,江门,2,新会,jm,xh
广东,101281105,江门,2,恩平,jm,ep
广东,101281106,江门,2,台山,jm,ts
广东,101281107,江门,2,蓬江,jm,pj
广东,101281108,江门,2,鹤山,jm,hs
广东,101281109,江门,2,江海,jm,jh
广东,101281201,河源,1,河源,hy,hy
广东,101281202,河源,2,紫金,hy,zj
广东,101281203,河源,2,连平,hy,lp
广东,101281204,河源,2,和平,hy,hp
广东,101281205,河源,2,龙川,hy,lc
广东,101281206,河源,2,东源,hy,dy
广东,101281301,清远,1,清远,qy,qy
广东,101281302,清远,2,连南,qy,ln
广东,101281303,清远,2,连州,qy,lz
广东,101281304,清远,2,连山,qy,ls
广东,101281305,清远,2,阳山,qy,ys
广东,101281306,清远,2,佛冈,qy,fg
广东,101281307,清远,2,英德,qy,yd
广东,101281308,清远,2,清新,qy,qx
广东,101281401,云浮,1,云浮,yf,yf
广东,101281402,云浮,2,罗定,yf,ld
广东,101281403,云浮,2,新兴,yf,xx
广东,101281404,云浮,2,郁南,yf,yn
广东,101281406,云浮,2,云安,yf,ya
广东,101281501,潮州,1,潮州,cz,cz
广东,101281502,潮州,2,饶平,cz,rp
广东,101281503,潮州,2,潮安,cz,ca
广东,101281601,东莞,1,东莞,dg,dg
广东,101281701,中山,1,中山,zs,zs
广东,101281801,阳江,1,阳江,yj,yj
广东,101281802,阳江,2,阳春,yj,yc
广东,101281803,阳江,2,阳东,yj,yd
广东,101281804,阳江,2,阳西,yj,yx
广东,101281901,揭阳,1,揭阳,jy,jy
广东,101281902,揭阳,2,揭西,jy,jx
广东,101281903,揭阳,2,普宁,jy,pn
广东,101281904,揭阳,2,惠来,jy,hl
广东,101281905,揭阳,2,揭东,jy,jd
广东,101282001,茂名,1,茂名,mm,mm
广东,101282002,茂名,2,高州,mm,gz
广东,101282003,茂名,2,化州,mm,hz
广东,101282004,茂名,2,电白,mm,db
广东,101282005,茂名,2,信宜,mm,xy
广东,101282006,茂名,2,茂港,mm,mg
广东,101282101,汕尾,1,汕尾,sw,sw
广东,101282102,汕尾,2,海丰,sw,hf
广东,101282103,汕尾,2,陆丰,sw,lf
广东,101282104,汕尾,2,陆河,sw,lh
广西,101300101,南宁,1,南宁,nn,nn
广西,101300103,南宁,2,邕宁,nn,yn
广西,101300104,南宁,2,横县,nn,hx
广西,101300105,南宁,2,隆安,nn,la
广西,101300106,南宁,2,马山,nn,ms
广西,101300107,南宁,2,上林,nn,sl
广西,101300108,南宁,2,武鸣,nn,wm
广西,101300109,南宁,2,宾阳,nn,by
广西,101300201,崇左,1,崇左,cz,cz
广西,101300202,崇左,2,天等,cz,td
广西,101300203,崇左,2,龙州,cz,lz
广西,101300204,崇左,2,凭祥,cz,px
广西,101300205,崇左,2,大新,cz,dx
广西,101300206,崇左,2,扶绥,cz,fs
广西,101300207,崇左,2,宁明,cz,nm
广西,101300301,柳州,1,柳州,lz,lz
广西,101300302,柳州,2,柳城,lz,lc
广西,101300304,柳州,2,鹿寨,lz,lz
广西,101300305,柳州,2,柳江,lz,lj
广西,101300306,柳州,2,融安,lz,ra
广西,101300307,柳州,2,融水,lz,rs
广西,101300308,柳州,2,三江,lz,sj
广西,101300401,来宾,1,来宾,lb,lb
广西,101300402,来宾,2,忻城,lb,xc
广西,101300403,来宾,2,金秀,lb,jx
广西,101300404,来宾,2,象州,lb,xz
广西,101300405,来宾,2,武宣,lb,wx
广西,101300406,来宾,2,合山,lb,hs
广西,101300501,桂林,1,桂林,gl,gl
广西,101300503,桂林,2,龙胜,gl,ls
广西,101300504,桂林,2,永福,gl,yf
广西,101300505,桂林,2,临桂,gl,lg
广西,101300506,桂林,2,兴安,gl,xa
广西,101300507,桂林,2,灵川,gl,lc
广西,101300508,桂林,2,全州,gl,qz
广西,101300509,桂林,2,灌阳,gl,gy
广西,101300510,桂林,2,阳朔,gl,ys
广西,101300511,桂林,2,恭城,gl,gc
广西,101300512,桂林,2,平乐,gl,pl
广西,101300513,桂林,2,荔浦,gl,lp
广西,101300514,桂林,2,资源,gl,zy
广西,101300601,梧州,1,梧州,wz,wz
广西,101300602,梧州,2,藤县,wz,tx
广西,101300604,梧州,2,苍梧,wz,cw
广西,101300605,梧州,2,蒙山,wz,ms
广西,101300606,梧州,2,岑溪,wz,cx
广西,101300701,贺州,1,贺州,hz,hz
广西,101300702,贺州,2,昭平,hz,zp
广西,101300703,贺州,2,富川,hz,fc
广西,101300704,贺州,2,钟山,hz,zs
广西,101300801,贵港,1,贵港,gg,gg
广西,101300802,贵港,2,桂平,gg,gp
广西,101300803,贵港,2,平南,gg,pn
广西,101300901,玉林,1,玉林,yl,yl
广西,101300902,玉林,2,博白,yl,bb
广西,101300903,玉林,2,北流,yl,bl
广西,101300904,玉林,2,容县,yl,rx
广西,101300905,玉林,2,陆川,yl,lc
广西,101300906,玉林,2,兴业,yl,xy
广西,101301001,百色,1,百色,bs,bs
广西,101301002,百色,2,那坡,bs,np
广西,101301003,百色,2,田阳,bs,ty
广西,101301004,百色,2,德保,bs,db
广西,101301005,百色,2,靖西,bs,jx
广西,101301006,百色,2,田东,bs,td
广西,101301007,百色,2,平果,bs,pg
广西,101301008,百色,2,隆林,bs,ll
广西,101301009,百色,2,西林,bs,xl
广西,101301010,百色,2,乐业,bs,ly
广西,101301011,百色,2,凌云,bs,ly
广西,101301012,百色,2,田林,bs,tl
广西,101301101,钦州,1,钦州,qz,qz
广西,101301102,钦州,2,浦北,qz,pb
广西,101301103,钦州,2,灵山,qz,ls
广西,101301201,河池,1,河池,hc,hc
广西,101301202,河池,2,天峨,hc,te
广西,101301203,河池,2,东兰,hc,dl
广西,101301204,河池,2,巴马,hc,bm
广西,101301205,河池,2,环江,hc,hj
广西,101301206,河池,2,罗城,hc,lc
广西,101301207,河池,2,宜州,hc,yz
广西,101301208,河池,2,凤山,hc,fs
广西,101301209,河池,2,南丹,hc,nd
广西,101301210,河池,2,都安,hc,da
广西,101301211,河池,2,大化,hc,dh
广西,101301301,北海,1,北海,bh,bh
广西,101301302,北海,2,合浦,bh,hp
广西,101301303,北海,2,涠洲岛,bh,wzd
广西,101301401,防城港,1,防城港,fcg,fcg
广西,101301402,防城港,2,上思,fcg,ss
广西,101301403,防城港,2,东兴,fcg,dx
广西,101301405,防城港,2,防城,fcg,fc
贵州,101260101,贵阳,1,贵阳,gy,gy
贵州,101260102,贵阳,2,白云,gy,by
贵州,101260103,贵阳,2,花溪,gy,hx
贵州,101260104,贵阳,2,乌当,gy,wd
贵州,101260105,贵阳,2,息烽,gy,xf
贵州,101260106,贵阳,2,开阳,gy,ky
贵州,101260107,贵阳,2,修文,gy,xw
贵州,101260108,贵阳,2,清镇,gy,qz
贵州,101260109,贵阳,2,小河,gy,xh
贵州,101260110,贵阳,2,云岩,gy,yy
贵州,101260111,贵阳,2,南明,gy,nm
贵州,101260201,遵义,1,遵义,zy,zy
贵州,101260202,遵义,2,遵义县,zy,zyx
贵州,101260203,遵义,2,仁怀,zy,rh
贵州,101260204,遵义,2,绥阳,zy,sy
贵州,101260205,遵义,2,湄潭,zy,mt
贵州,101260206,遵义,2,凤冈,zy,fg
贵州,101260207,遵义,2,桐梓,zy,tz
贵州,101260208,遵义,2,赤水,zy,cs
贵州,101260209,遵义,2,习水,zy,xs
贵州,101260210,遵义,2,道真,zy,dz
贵州,101260211,遵义,2,正安,zy,za
贵州,101260212,遵义,2,务川,zy,wc
贵州,101260213,遵义,2,余庆,zy,yq
贵州,101260214,遵义,2,汇川,zy,hc
贵州,101260215,遵义,2,红花岗,zy,hhg
贵州,101260301,安顺,1,安顺,as,as
贵州,101260302,安顺,2,普定,as,pd
贵州,101260303,安顺,2,镇宁,as,zn
贵州,101260304,安顺,2,平坝,as,pb
贵州,101260305,安顺,2,紫云,as,zy
贵州,101260306,安顺,2,关岭,as,gl
贵州,101260401,黔南,2,都匀,qn,dy
贵州,101260402,黔南,2,贵定,qn,gd
贵州,101260403,黔南,2,瓮安,qn,wa
贵州,101260404,黔南,2,长顺,qn,zs
贵州,101260405,黔南,2,福泉,qn,fq
贵州,101260406,黔南,2,惠水,qn,hs
贵州,101260407,黔南,2,龙里,qn,ll
贵州,101260408,黔南,2,罗甸,qn,ld
贵州,101260409,黔南,2,平塘,qn,pt
贵州,101260410,黔南,2,独山,qn,ds
贵州,101260411,黔南,2,三都,qn,sd
贵州,101260412,黔南,2,荔波,qn,lb
贵州,101260501,黔东南,2,凯里,qdn,kl
贵州,101260502,黔东南,2,岑巩,qdn,cg
贵州,101260503,黔东南,2,施秉,qdn,sb
贵州,101260504,黔东南,2,镇远,qdn,zy
贵州,101260505,黔东南,2,黄平,qdn,hp
贵州,101260507,黔东南,2,麻江,qdn,mj
贵州,101260508,黔东南,2,丹寨,qdn,dz
贵州,101260509,黔东南,2,三穗,qdn,ss
贵州,101260510,黔东南,2,台江,qdn,tj
贵州,101260511,黔东南,2,剑河,qdn,jh
贵州,101260512,黔东南,2,雷山,qdn,ls
贵州,101260513,黔东南,2,黎平,qdn,lp
贵州,101260514,黔东南,2,天柱,qdn,tz
贵州,101260515,黔东南,2,锦屏,qdn,jp
贵州,101260516,黔东南,2,榕江,qdn,rj
贵州,101260517,黔东南,2,从江,qdn,cj
贵州,101260601,铜仁,1,铜仁,tr,tr
贵州,101260602,铜仁,2,江口,tr,jk
贵州,101260603,铜仁,2,玉屏,tr,yp
贵州,101260604,铜仁,2,万山,tr,ws
贵州,101260605,铜仁,2,思南,tr,sn
贵州,101260607,铜仁,2,印江,tr,yj
贵州,101260608,铜仁,2,石阡,tr,sq
贵州,101260609,铜仁,2,沿河,tr,yh
贵州,101260610,铜仁,2,德江,tr,dj
贵州,101260611,铜仁,2,松桃,tr,st
贵州,101260701,毕节,1,毕节,bj,bj
贵州,101260702,毕节,2,赫章,bj,hz
贵州,101260703,毕节,2,金沙,bj,js
贵州,101260704,毕节,2,威宁,bj,wn
贵州,101260705,毕节,2,大方,bj,df
贵州,101260706,毕节,2,纳雍,bj,ny
贵州,101260707,毕节,2,织金,bj,zj
贵州,101260708,毕节,2,黔西,bj,qx
贵州,101260801,六盘水,2,水城,lps,sc
贵州,101260802,六盘水,2,六枝,lps,lz
贵州,101260804,六盘水,2,盘县,lps,px
贵州,101260901,黔西南,2,兴义,qxn,xy
贵州,101260902,黔西南,2,晴隆,qxn,ql
贵州,101260903,黔西南,2,兴仁,qxn,xr
贵州,101260904,黔西南,2,贞丰,qxn,zf
贵州,101260905,黔西南,2,望谟,qxn,wm
贵州,101260907,黔西南,2,安龙,qxn,al
贵州,101260908,黔西南,2,册亨,qxn,ch
贵州,101260909,黔西南,2,普安,qxn,pa
海南,101310101,海口,1,海口,hk,hk
海南,101310201,三亚,1,三亚,sy,sy
海南,101310202,东方,1,东方,df,df
海南,101310203,临高,1,临高,lg,lg
海南,101310204,澄迈,1,澄迈,cm,cm
海南,101310205,儋州,1,儋州,dz,dz
海南,101310206,昌江,1,昌江,cj,cj
海南,101310207,白沙,1,白沙,bs,bs
海南,101310208,琼中,1,琼中,qz,qz
海南,101310209,定安,1,定安,da,da
海南,101310210,屯昌,1,屯昌,tc,tc
海南,101310211,琼海,1,琼海,qh,qh
海南,101310212,文昌,1,文昌,wc,wc
海南,101310214,保亭,1,保亭,bt,bt
海南,101310215,万宁,1,万宁,wn,wn
海南,101310216,陵水,1,陵水,ls,ls
海南,101310217,西沙,1,西沙,xs,xs
海南,101310220,南沙,1,南沙,ns,ns
海南,101310221,乐东,1,乐东,ld,ld
海南,101310222,五指山,1,五指山,wzs,wzs
海南,101310224,中沙,1,中沙,zs,zs
河北,101090101,石家庄,1,石家庄,sjz,sjz
河北,101090102,石家庄,2,井陉,sjz,jx
河北,101090103,石家庄,2,正定,sjz,zd
河北,101090104,石家庄,2,栾城,sjz,lc
河北,101090105,石家庄,2,行唐,sjz,xt
河北,101090106,石家庄,2,灵寿,sjz,ls
河北,101090107,石家庄,2,高邑,sjz,gy
河北,101090108,石家庄,2,深泽,sjz,sz
河北,101090109,石家庄,2,赞皇,sjz,zh
河北,101090110,石家庄,2,无极,sjz,wj
河北,101090111,石家庄,2,平山,sjz,ps
河北,101090112,石家庄,2,元氏,sjz,ys
河北,101090113,石家庄,2,赵县,sjz,zx
河北,101090114,石家庄,2,辛集,sjz,xj
河北,101090115,石家庄,2,藁城,sjz,gc
河北,101090116,石家庄,2,晋州,sjz,jz
河北,101090117,石家庄,2,新乐,sjz,xl
河北,101090118,石家庄,2,鹿泉,sjz,lq
河北,101090201,保定,1,保定,bd,bd
河北,101090202,保定,2,满城,bd,mc
河北,101090203,保定,2,阜平,bd,fp
河北,101090204,保定,2,徐水,bd,xs
河北,101090205,保定,2,唐县,bd,tx
河北,101090206,保定,2,高阳,bd,gy
河北,101090207,保定,2,容城,bd,rc
河北,101090209,保定,2,涞源,bd,ly
河北,101090210,保定,2,望都,bd,wd
河北,101090211,保定,2,安新,bd,ax
河北,101090212,保定,2,易县,bd,yx
河北,101090214,保定,2,曲阳,bd,qy
河北,101090215,保定,2,蠡县,bd,lx
河北,101090216,保定,2,顺平,bd,sp
河北,101090217,保定,2,雄县,bd,xx
河北,101090218,保定,2,涿州,bd,zz
河北,101090219,保定,2,定州,bd,dz
河北,101090220,保定,2,安国,bd,ag
河北,101090221,保定,2,高碑店,bd,gbd
河北,101090222,保定,2,涞水,bd,ls
河北,101090223,保定,2,定兴,bd,dx
河北,101090224,保定,2,清苑,bd,qy
河北,101090225,保定,2,博野,bd,by
河北,101090301,张家口,1,张家口,zjk,zjk
河北,101090302,张家口,2,宣化,zjk,xh
河北,101090303,张家口,2,张北,zjk,zb
河北,101090304,张家口,2,康保,zjk,kb
河北,101090305,张家口,2,沽源,zjk,gy
河北,101090306,张家口,2,尚义,zjk,sy
河北,101090307,张家口,2,蔚县,zjk,yx
河北,101090308,张家口,2,阳原,zjk,yy
河北,101090309,张家口,2,怀安,zjk,ha
河北,101090310,张家口,2,万全,zjk,wq
河北,101090311,张家口,2,怀来,zjk,hl
河北,101090312,张家口,2,涿鹿,zjk,zl
河北,101090313,张家口,2,赤城,zjk,cc
河北,101090314,张家口,2,崇礼,zjk,cl
河北,101090402,承德,1,承德,cd,cd
河北,101090403,承德,2,承德县,cd,cdx
河北,101090404,承德,2,兴隆,cd,xl
河北,101090405,承德,2,平泉,cd,pq
河北,101090406,承德,2,滦平,cd,lp
河北,101090407,承德,2,隆化,cd,lh
河北,101090408,承德,2,丰宁,cd,fn
河北,101090409,承德,2,宽城,cd,kc
河北,101090410,承德,2,围场,cd,wc
河北,101090501,唐山,1,唐山,ts,ts
河北,101090502,唐山,2,丰南,ts,fn
河北,101090503,唐山,2,丰润,ts,fr
河北,101090504,唐山,2,滦县,ts,lx
河北,101090505,唐山,2,滦南,ts,ln
河北,101090506,唐山,2,乐亭,ts,lt
河北,101090507,唐山,2,迁西,ts,qx
河北,101090508,唐山,2,玉田,ts,yt
河北,101090509,唐山,2,唐海,ts,th
河北,101090510,唐山,2,遵化,ts,zh
河北,101090511,唐山,2,迁安,ts,qa
河北,101090512,唐山,2,曹妃甸,ts,cfd
河北,101090601,廊坊,1,廊坊,lf,lf
河北,101090602,廊坊,2,固安,lf,ga
河北,101090603,廊坊,2,永清,lf,yq
河北,101090604,廊坊,2,香河,lf,xh
河北,101090605,廊坊,2,大城,lf,dc
河北,101090606,廊坊,2,文安,lf,wa
河北,101090607,廊坊,2,大厂,lf,dc
河北,101090608,廊坊,2,霸州,lf,bz
河北,101090609,廊坊,2,三河,lf,sh
河北,101090701,沧州,1,沧州,cz,cz
河北,101090702,沧州,2,青县,cz,qx
河北,101090703,沧州,2,东光,cz,dg
河北,101090704,沧州,2,海兴,cz,hx
河北,101090705,沧州,2,盐山,cz,ys
河北,101090706,沧州,2,肃宁,cz,sn
河北,101090707,沧州,2,南皮,cz,np
河北,101090708,沧州,2,吴桥,cz,wq
河北,101090709,沧州,2,献县,cz,xx
河北,101090710,沧州,2,孟村,cz,mc
河北,101090711,沧州,2,泊头,cz,bt
河北,101090712,沧州,2,任丘,cz,rq
河北,101090713,沧州,2,黄骅,cz,hh
河北,101090714,沧州,2,河间,cz,hj
河北,101090716,沧州,2,沧县,cz,cx
河北,101090801,衡水,1,衡水,hs,hs
河北,101090802,衡水,2,枣强,hs,zq
河北,101090803,衡水,2,武邑,hs,wy
河北,101090804,衡水,2,武强,hs,wq
河北,101090805,衡水,2,饶阳,hs,ry
河北,101090806,衡水,2,安平,hs,ap
河北,101090807,衡水,2,故城,hs,gc
河北,101090808,衡水,2,景县,hs,jx
河北,101090809,衡水,2,阜城,hs,fc
河北,101090810,衡水,2,冀州,hs,jz
河北,101090811,衡水,2,深州,hs,sz
河北,101090901,邢台,1,邢台,xt,xt
河北,101090902,邢台,2,临城,xt,lc
河北,101090904,邢台,2,内丘,xt,nq
河北,101090905,邢台,2,柏乡,xt,bx
河北,101090906,邢台,2,隆尧,xt,ly
河北,101090907,邢台,2,南和,xt,nh
河北,101090908,邢台,2,宁晋,xt,nj
河北,101090909,邢台,2,巨鹿,xt,jl
河北,101090910,邢台,2,新河,xt,xh
河北,101090911,邢台,2,广宗,xt,gz
河北,101090912,邢台,2,平乡,xt,px
河北,101090913,邢台,2,威县,xt,wx
河北,101090914,邢台,2,清河,xt,qh
河北,101090915,邢台,2,临西,xt,lx
河北,101090916,邢台,2,南宫,xt,ng
河北,101090917,邢台,2,沙河,xt,sh
河北,101090918,邢台,2,任县,xt,rx
河北,101091001,邯郸,1,邯郸,hd,hd
河北,101091002,邯郸,2,峰峰,hd,ff
河北,101091003,邯郸,2,临漳,hd,lz
河北,101091004,邯郸,2,成安,hd,ca
河北,101091005,邯郸,2,大名,hd,dm
河北,101091006,邯郸,2,涉县,hd,sx
河北,101091007,邯郸,2,磁县,hd,cx
河北,101091008,邯郸,2,肥乡,hd,fx
河北,101091009,邯郸,2,永年,hd,yn
河北,101091010,邯郸,2,邱县,hd,qx
河北,101091011,邯郸,2,鸡泽,hd,jz
河北,101091012,邯郸,2,广平,hd,gp
河北,101091013,邯郸,2,馆陶,hd,gt
河北,101091014,邯郸,2,魏县,hd,wx
河北,101091015,邯郸,2,曲周,hd,qz
河北,101091016,邯郸,2,武安,hd,wa
河北,101091101,秦皇岛,1,秦皇岛,qhd,qhd
河北,101091102,秦皇岛,2,青龙,qhd,ql
河北,101091103,秦皇岛,2,昌黎,qhd,cl
河北,101091104,秦皇岛,2,抚宁,qhd,fn
河北,101091105,秦皇岛,2,卢龙,qhd,ll
河北,101091106,秦皇岛,2,北戴河,qhd,bdh
河南,101180101,郑州,1,郑州,zz,zz
河南,101180102,郑州,2,巩义,zz,gy
河南,101180103,郑州,2,荥阳,zz,yy
河南,101180104,郑州,2,登封,zz,df
河南,101180105,郑州,2,新密,zz,xm
河南,101180106,郑州,2,新郑,zz,xz
河南,101180107,郑州,2,中牟,zz,zm
河南,101180108,郑州,2,上街,zz,sj
河南,101180201,安阳,1,安阳,ay,ay
河南,101180202,安阳,2,汤阴,ay,ty
河南,101180203,安阳,2,滑县,ay,hx
河南,101180204,安阳,2,内黄,ay,nh
河南,101180205,安阳,2,林州,ay,lz
河南,101180301,新乡,1,新乡,xx,xx
河南,101180302,新乡,2,获嘉,xx,hj
河南,101180303,新乡,2,原阳,xx,yy
河南,101180304,新乡,2,辉县,xx,hx
河南,101180305,新乡,2,卫辉,xx,wh
河南,101180306,新乡,2,延津,xx,yj
河南,101180307,新乡,2,封丘,xx,fq
河南,101180308,新乡,2,长垣,xx,zy
河南,101180401,许昌,1,许昌,xc,xc
河南,101180402,许昌,2,鄢陵,xc,yl
河南,101180403,许昌,2,襄城,xc,xc
河南,101180404,许昌,2,长葛,xc,zg
河南,101180405,许昌,2,禹州,xc,yz
河南,101180501,平顶山,1,平顶山,pds,pds
河南,101180502,平顶山,2,郏县,pds,jx
河南,101180503,平顶山,2,宝丰,pds,bf
河南,101180504,平顶山,2,汝州,pds,rz
河南,101180505,平顶山,2,叶县,pds,yx
河南,101180506,平顶山,2,舞钢,pds,wg
河南,101180507,平顶山,2,鲁山,pds,ls
河南,101180508,平顶山,2,石龙,pds,sl
河南,101180601,信阳,1,信阳,xy,xy
河南,101180602,信阳,2,息县,xy,xx
河南,101180603,信阳,2,罗山,xy,ls
河南,101180604,信阳,2,光山,xy,gs
河南,101180605,信阳,2,新县,xy,xx
河南,101180606,信阳,2,淮滨,xy,hb
河南,101180607,信阳,2,潢川,xy,hc
河南,101180608,信阳,2,固始,xy,gs
河南,101180609,信阳,2,商城,xy,sc
河南,101180701,南阳,1,南阳,ny,ny
河南,101180702,南阳,2,南召,ny,nz
河南,101180703,南阳,2,方城,ny,fc
河南,101180704,南阳,2,社旗,ny,sq
河南,101180705,南阳,2,西峡,ny,xx
河南,101180706,南阳,2,内乡,ny,nx
河南,101180707,南阳,2,镇平,ny,zp
河南,101180708,南阳,2,淅川,ny,xc
河南,101180709,南阳,2,新野,ny,xy
河南,101180710,南阳,2,唐河,ny,th
河南,101180711,南阳,2,邓州,ny,dz
河南,101180712,南阳,2,桐柏,ny,tb
河南,101180801,开封,1,开封,kf,kf
河南,101180802,开封,2,杞县,kf,qx
河南,101180803,开封,2,尉氏,kf,ws
河南,101180804,开封,2,通许,kf,tx
河南,101180805,开封,2,兰考,kf,lk
河南,101180901,洛阳,1,洛阳,ly,ly
河南,101180902,洛阳,2,新安,ly,xa
河南,101180903,洛阳,2,孟津,ly,mj
河南,101180904,洛阳,2,宜阳,ly,yy
河南,101180905,洛阳,2,洛宁,ly,ln
河南,101180906,洛阳,2,伊川,ly,yc
河南,101180907,洛阳,2,嵩县,ly,sx
河南,101180908,洛阳,2,偃师,ly,ys
河南,101180909,洛阳,2,栾川,ly,lc
河南,101180910,洛阳,2,汝阳,ly,ry
河南,101180911,洛阳,2,吉利,ly,jl
河南,101181001,商丘,1,商丘,sq,sq
河南,101181003,商丘,2,睢县,sq,sx
河南,101181004,商丘,2,民权,sq,mq
河南,101181005,商丘,2,虞城,sq,yc
河南,101181006,商丘,2,柘城,sq,zc
河南,101181007,商丘,2,宁陵,sq,nl
河南,101181008,商丘,2,夏邑,sq,xy
河南,101181009,商丘,2,永城,sq,yc
河南,101181101,焦作,1,焦作,jz,jz
河南,101181102,焦作,2,修武,jz,xw
河南,101181103,焦作,2,武陟,jz,wz
河南,101181104,焦作,2,沁阳,jz,qy
河南,101181106,焦作,2,博爱,jz,ba
河南,101181107,焦作,2,温县,jz,wx
河南,101181108,焦作,2,孟州,jz,mz
河南,101181201,鹤壁,1,鹤壁,hb,hb
河南,101181202,鹤壁,2,浚县,hb,jx
河南,101181203,鹤壁,2,淇县,hb,qx
河南,101181301,濮阳,1,濮阳,py,py
河南,101181302,濮阳,2,台前,py,tq
河南,101181303,濮阳,2,南乐,py,nl
河南,101181304,濮阳,2,清丰,py,qf
河南,101181305,濮阳,2,范县,py,fx
河南,101181401,周口,1,周口,zk,zk
河南,101181402,周口,2,扶沟,zk,fg
河南,101181403,周口,2,太康,zk,tk
河南,101181404,周口,2,淮阳,zk,hy
河南,101181405,周口,2,西华,zk,xh
河南,101181406,周口,2,商水,zk,ss
河南,101181407,周口,2,项城,zk,xc
河南,101181408,周口,2,郸城,zk,dc
河南,101181409,周口,2,鹿邑,zk,ly
河南,101181410,周口,2,沈丘,zk,sq
河南,101181501,漯河,1,漯河,lh,lh
河南,101181502,漯河,2,临颍,lh,ly
河南,101181503,漯河,2,舞阳,lh,wy
河南,101181601,驻马店,1,驻马店,zmd,zmd
河南,101181602,驻马店,2,西平,zmd,xp
河南,101181603,驻马店,2,遂平,zmd,sp
河南,101181604,驻马店,2,上蔡,zmd,sc
河南,101181605,驻马店,2,汝南,zmd,rn
河南,101181606,驻马店,2,泌阳,zmd,my
河南,101181607,驻马店,2,平舆,zmd,py
河南,101181608,驻马店,2,新蔡,zmd,xc
河南,101181609,驻马店,2,确山,zmd,qs
河南,101181610,驻马店,2,正阳,zmd,zy
河南,101181701,三门峡,1,三门峡,smx,smx
河南,101181702,三门峡,2,灵宝,smx,lb
河南,101181703,三门峡,2,渑池,smx,mc
河南,101181704,三门峡,2,卢氏,smx,ls
河南,101181705,三门峡,2,义马,smx,ym
河南,101181706,三门峡,2,陕县,smx,sx
河南,101181801,济源,1,济源,jy,jy
湖北,101200101,武汉,1,武汉,wh,wh
湖北,101200102,武汉,2,蔡甸,wh,cd
湖北,101200103,武汉,2,黄陂,wh,hp
湖北,101200104,武汉,2,新洲,wh,xz
湖北,101200105,武汉,2,江夏,wh,jx
湖北,101200106,武汉,2,东西湖,wh,dxh
湖北,101200201,襄阳,1,襄阳,xy,xy
湖北,101200202,襄阳,2,襄州,xy,xz
湖北,101200203,襄阳,2,保康,xy,bk
湖北,101200204,襄阳,2,南漳,xy,nz
湖北,101200205,襄阳,2,宜城,xy,yc
湖北,101200206,襄阳,2,老河口,xy,lhk
湖北,101200207,襄阳,2,谷城,xy,gc
湖北,101200208,襄阳,2,枣阳,xy,zy
湖北,101200301,鄂州,1,鄂州,ez,ez
湖北,101200302,鄂州,2,梁子湖,ez,lzh
湖北,101200401,孝感,1,孝感,xg,xg
湖北,101200402,孝感,2,安陆,xg,al
湖北,101200403,孝感,2,云梦,xg,ym
湖北,101200404,孝感,2,大悟,xg,dw
湖北,101200405,孝感,2,应城,xg,yc
湖北,101200406,孝感,2,汉川,xg,hc
湖北,101200407,孝感,2,孝昌,xg,xc
湖北,101200501,黄冈,1,黄冈,hg,hg
湖北,101200502,黄冈,2,红安,hg,ha
湖北,101200503,黄冈,2,麻城,hg,mc
湖北,101200504,黄冈,2,罗田,hg,lt
湖北,101200505,黄冈,2,英山,hg,ys
湖北,101200506,黄冈,2,浠水,hg,xs
湖北,101200507,黄冈,2,蕲春,hg,qc
湖北,101200508,黄冈,2,黄梅,hg,hm
湖北,101200509,黄冈,2,武穴,hg,wx
湖北,101200510,黄冈,2,团风,hg,tf
湖北,101200601,黄石,1,黄石,hs,hs
湖北,101200602,黄石,2,大冶,hs,dy
湖北,101200603,黄石,2,阳新,hs,yx
湖北,101200604,黄石,2,铁山,hs,ts
湖北,101200605,黄石,2,下陆,hs,xl
湖北,101200606,黄石,2,西塞山,hs,xss
湖北,101200701,咸宁,1,咸宁,xn,xn
湖北,101200702,咸宁,2,赤壁,xn,cb
湖北,101200703,咸宁,2,嘉鱼,xn,jy
湖北,101200704,咸宁,2,崇阳,xn,cy
湖北,101200705,咸宁,2,通城,xn,tc
湖北,101200706,咸宁,2,通山,xn,ts
湖北,101200801,荆州,1,荆州,jz,jz
湖北,101200802,荆州,2,江陵,jz,jl
湖北,101200803,荆州,2,公安,jz,ga
湖北,101200804,荆州,2,石首,jz,ss
湖北,101200805,荆州,2,监利,jz,jl
湖北,101200806,荆州,2,洪湖,jz,hh
湖北,101200807,荆州,2,松滋,jz,sz
湖北,101201406,荆州,2,沙市,jz,ss
湖北,101200901,宜昌,1,宜昌,yc,yc
湖北,101200902,宜昌,2,远安,yc,ya
湖北,101200903,宜昌,2,秭归,yc,zg
湖北,101200904,宜昌,2,兴山,yc,xs
湖北,101200906,宜昌,2,五峰,yc,wf
湖北,101200907,宜昌,2,当阳,yc,dy
湖北,101200908,宜昌,2,长阳,yc,zy
湖北,101200909,宜昌,2,宜都,yc,yd
湖北,101200910,宜昌,2,枝江,yc,zj
湖北,101200911,宜昌,2,三峡,yc,sx
湖北,101200912,宜昌,2,夷陵,yc,yl
湖北,101201001,恩施,1,恩施,es,es
湖北,101201002,恩施,2,利川,es,lc
湖北,101201003,恩施,2,建始,es,js
湖北,101201004,恩施,2,咸丰,es,xf
湖北,101201005,恩施,2,宣恩,es,xe
湖北,101201006,恩施,2,鹤峰,es,hf
湖北,101201007,恩施,2,来凤,es,lf
湖北,101201008,恩施,2,巴东,es,bd
湖北,101201101,十堰,1,十堰,sy,sy
湖北,101201102,十堰,2,竹溪,sy,zx
湖北,101201103,十堰,2,郧西,sy,yx
湖北,101201104,十堰,2,郧县,sy,yx
湖北,101201105,十堰,2,竹山,sy,zs
湖北,101201106,十堰,2,房县,sy,fx
湖北,101201107,十堰,2,丹江口,sy,djk
湖北,101201108,十堰,2,茅箭,sy,mj
湖北,101201109,十堰,2,张湾,sy,zw
湖北,101201201,神农架,1,神农架,snj,snj
湖北,101201301,随州,1,随州,sz,sz
湖北,101201302,随州,2,广水,sz,gs
湖北,101201401,荆门,1,荆门,jm,jm
湖北,101201402,荆门,2,钟祥,jm,zx
湖北,101201403,荆门,2,京山,jm,js
湖北,101201404,荆门,2,掇刀,jm,dd
湖北,101201405,荆门,2,沙洋,jm,sy
湖北,101201501,天门,1,天门,tm,tm
湖北,101201601,仙桃,1,仙桃,xt,xt
湖北,101201701,潜江,1,潜江,qj,qj
湖南,101250101,长沙,1,长沙,zs,zs
湖南,101250102,长沙,2,宁乡,zs,nx
湖南,101250103,长沙,2,浏阳,zs,ly
湖南,101250104,长沙,2,马坡岭,zs,mpl
湖南,101250105,长沙,2,望城,zs,wc
湖南,101250201,湘潭,1,湘潭,xt,xt
湖南,101250202,湘潭,2,韶山,xt,ss
湖南,101250203,湘潭,2,湘乡,xt,xx
湖南,101250301,株洲,1,株洲,zz,zz
湖南,101250302,株洲,2,攸县,zz,yx
湖南,101250303,株洲,2,醴陵,zz,ll
湖南,101250305,株洲,2,茶陵,zz,cl
湖南,101250306,株洲,2,炎陵,zz,yl
湖南,101250401,衡阳,1,衡阳,hy,hy
湖南,101250402,衡阳,2,衡山,hy,hs
湖南,101250403,衡阳,2,衡东,hy,hd
湖南,101250404,衡阳,2,祁东,hy,qd
湖南,101250405,衡阳,2,衡阳县,hy,hyx
湖南,101250406,衡阳,2,常宁,hy,cn
湖南,101250407,衡阳,2,衡南,hy,hn
湖南,101250408,衡阳,2,耒阳,hy,ly
湖南,101250409,衡阳,2,南岳,hy,ny
湖南,101250501,郴州,1,郴州,cz,cz
湖南,101250502,郴州,2,桂阳,cz,gy
湖南,101250503,郴州,2,嘉禾,cz,jh
湖南,101250504,郴州,2,宜章,cz,yz
湖南,101250505,郴州,2,临武,cz,lw
湖南,101250507,郴州,2,资兴,cz,zx
湖南,101250508,郴州,2,汝城,cz,rc
湖南,101250509,郴州,2,安仁,cz,ar
湖南,101250510,郴州,2,永兴,cz,yx
湖南,101250511,郴州,2,桂东,cz,gd
湖南,101250512,郴州,2,苏仙,cz,sx
湖南,101250601,常德,1,常德,cd,cd
湖南,101250602,常德,2,安乡,cd,ax
湖南,101250603,常德,2,桃源,cd,ty
湖南,101250604,常德,2,汉寿,cd,hs
湖南,101250605,常德,2,澧县,cd,lx
湖南,101250606,常德,2,临澧,cd,ll
湖南,101250607,常德,2,石门,cd,sm
湖南,101250608,常德,2,津市,cd,js
湖南,101250700,益阳,1,益阳,yy,yy
湖南,101250701,益阳,2,赫山区,yy,hsq
湖南,101250702,益阳,2,南县,yy,nx
湖南,101250703,益阳,2,桃江,yy,tj
湖南,101250704,益阳,2,安化,yy,ah
湖南,101250705,益阳,2,沅江,yy,yj
湖南,101250801,娄底,1,娄底,ld,ld
湖南,101250802,娄底,2,双峰,ld,sf
湖南,101250803,娄底,2,冷水江,ld,lsj
湖南,101250805,娄底,2,新化,ld,xh
湖南,101250806,娄底,2,涟源,ld,ly
湖南,101250901,邵阳,1,邵阳,sy,sy
湖南,101250902,邵阳,2,隆回,sy,lh
湖南,101250903,邵阳,2,洞口,sy,dk
湖南,101250904,邵阳,2,新邵,sy,xs
湖南,101250905,邵阳,2,邵东,sy,sd
湖南,101250906,邵阳,2,绥宁,sy,sn
湖南,101250907,邵阳,2,新宁,sy,xn
湖南,101250908,邵阳,2,武冈,sy,wg
湖南,101250909,邵阳,2,城步,sy,cb
湖南,101250910,邵阳,2,邵阳县,sy,syx
湖南,101251001,岳阳,1,岳阳,yy,yy
湖南,101251002,岳阳,2,华容,yy,hr
湖南,101251003,岳阳,2,湘阴,yy,xy
湖南,101251004,岳阳,2,汨罗,yy,ml
湖南,101251005,岳阳,2,平江,yy,pj
湖南,101251006,岳阳,2,临湘,yy,lx
湖南,101251101,张家界,1,张家界,zjj,zjj
湖南,101251102,张家界,2,桑植,zjj,sz
湖南,101251103,张家界,2,慈利,zjj,cl
湖南,101251104,张家界,2,武陵源,zjj,wly
湖南,101251201,怀化,1,怀化,hh,hh
湖南,101251203,怀化,2,沅陵,hh,yl
湖南,101251204,怀化,2,辰溪,hh,cx
湖南,101251205,怀化,2,靖州,hh,jz
湖南,101251206,怀化,2,会同,hh,ht
湖南,101251207,怀化,2,通道,hh,td
湖南,101251208,怀化,2,麻阳,hh,my
湖南,101251209,怀化,2,新晃,hh,xh
湖南,101251210,怀化,2,芷江,hh,zj
湖南,101251211,怀化,2,溆浦,hh,xp
湖南,101251212,怀化,2,中方,hh,zf
湖南,101251213,怀化,2,洪江,hh,hj
湖南,101251401,永州,1,永州,yz,yz
湖南,101251402,永州,2,祁阳,yz,qy
湖南,101251403,永州,2,东安,yz,da
湖南,101251404,永州,2,双牌,yz,sp
湖南,101251405,永州,2,道县,yz,dx
湖南,101251406,永州,2,宁远,yz,ny
湖南,101251407,永州,2,江永,yz,jy
湖南,101251408,永州,2,蓝山,yz,ls
湖南,101251409,永州,2,新田,yz,xt
湖南,101251410,永州,2,江华,yz,jh
湖南,101251411,永州,2,冷水滩,yz,lst
湖南,101251501,湘西,2,吉首,xx,js
湖南,101251502,湘西,2,保靖,xx,bj
湖南,101251503,湘西,2,永顺,xx,ys
湖南,101251504,湘西,2,古丈,xx,gz
湖南,101251505,湘西,2,凤凰,xx,fh
湖南,101251506,湘西,2,泸溪,xx,lx
湖南,101251507,湘西,2,龙山,xx,ls
湖南,101251508,湘西,2,花垣,xx,hy
黑龙江,101050101,哈尔滨,1,哈尔滨,heb,heb
黑龙江,101050102,哈尔滨,2,双城,heb,sc
黑龙江,101050103,哈尔滨,2,呼兰,heb,hl
黑龙江,101050104,哈尔滨,2,阿城,heb,ac
黑龙江,101050105,哈尔滨,2,宾县,heb,bx
黑龙江,101050106,哈尔滨,2,依兰,heb,yl
黑龙江,101050107,哈尔滨,2,巴彦,heb,by
黑龙江,101050108,哈尔滨,2,通河,heb,th
黑龙江,101050109,哈尔滨,2,方正,heb,fz
黑龙江,101050110,哈尔滨,2,延寿,heb,ys
黑龙江,101050111,哈尔滨,2,尚志,heb,sz
黑龙江,101050112,哈尔滨,2,五常,heb,wc
黑龙江,101050113,哈尔滨,2,木兰,heb,ml
黑龙江,101050201,齐齐哈尔,1,齐齐哈尔,qqhe,qqhe
黑龙江,101050202,齐齐哈尔,2,讷河,qqhe,nh
黑龙江,101050203,齐齐哈尔,2,龙江,qqhe,lj
黑龙江,101050204,齐齐哈尔,2,甘南,qqhe,gn
黑龙江,101050205,齐齐哈尔,2,富裕,qqhe,fy
黑龙江,101050206,齐齐哈尔,2,依安,qqhe,ya
黑龙江,101050207,齐齐哈尔,2,拜泉,qqhe,bq
黑龙江,101050208,齐齐哈尔,2,克山,qqhe,ks
黑龙江,101050209,齐齐哈尔,2,克东,qqhe,kd
黑龙江,101050210,齐齐哈尔,2,泰来,qqhe,tl
黑龙江,101050301,牡丹江,1,牡丹江,mdj,mdj
黑龙江,101050302,牡丹江,2,海林,mdj,hl
黑龙江,101050303,牡丹江,2,穆棱,mdj,ml
黑龙江,101050304,牡丹江,2,林口,mdj,lk
黑龙江,101050305,牡丹江,2,绥芬河,mdj,sfh
黑龙江,101050306,牡丹江,2,宁安,mdj,na
黑龙江,101050307,牡丹江,2,东宁,mdj,dn
黑龙江,101050401,佳木斯,1,佳木斯,jms,jms
黑龙江,101050402,佳木斯,2,汤原,jms,ty
黑龙江,101050403,佳木斯,2,抚远,jms,fy
黑龙江,101050404,佳木斯,2,桦川,jms,hc
黑龙江,101050405,佳木斯,2,桦南,jms,hn
黑龙江,101050406,佳木斯,2,同江,jms,tj
黑龙江,101050407,佳木斯,2,富锦,jms,fj
黑龙江,101050501,绥化,1,绥化,sh,sh
黑龙江,101050502,绥化,2,肇东,sh,zd
黑龙江,101050503,绥化,2,安达,sh,ad
黑龙江,101050504,绥化,2,海伦,sh,hl
黑龙江,101050505,绥化,2,明水,sh,ms
黑龙江,101050506,绥化,2,望奎,sh,wk
黑龙江,101050507,绥化,2,兰西,sh,lx
黑龙江,101050508,绥化,2,青冈,sh,qg
黑龙江,101050509,绥化,2,庆安,sh,qa
黑龙江,101050510,绥化,2,绥棱,sh,sl
黑龙江,101050601,黑河,1,黑河,hh,hh
黑龙江,101050602,黑河,2,嫩江,hh,nj
黑龙江,101050603,黑河,2,孙吴,hh,sw
黑龙江,101050604,黑河,2,逊克,hh,xk
黑龙江,101050605,黑河,2,五大连池,hh,wdlc
黑龙江,101050606,黑河,2,北安,hh,ba
黑龙江,101050701,大兴安岭,1,大兴安岭,dxal,dxal
黑龙江,101050702,大兴安岭,2,塔河,dxal,th
黑龙江,101050703,大兴安岭,2,漠河,dxal,mh
黑龙江,101050704,大兴安岭,2,呼玛,dxal,hm
黑龙江,101050705,大兴安岭,2,呼中,dxal,hz
黑龙江,101050706,大兴安岭,2,新林,dxal,xl
黑龙江,101050708,大兴安岭,2,加格达奇,dxal,jgdq
黑龙江,101050801,伊春,1,伊春,yc,yc
黑龙江,101050802,伊春,2,乌伊岭,yc,wyl
黑龙江,101050803,伊春,2,五营,yc,wy
黑龙江,101050804,伊春,2,铁力,yc,tl
黑龙江,101050805,伊春,2,嘉荫,yc,jy
黑龙江,101050901,大庆,1,大庆,dq,dq
黑龙江,101050902,大庆,2,林甸,dq,ld
黑龙江,101050903,大庆,2,肇州,dq,zz
黑龙江,101050904,大庆,2,肇源,dq,zy
黑龙江,101050905,大庆,2,杜尔伯特,dq,debt
黑龙江,101051002,七台河,1,七台河,qth,qth
黑龙江,101051003,七台河,2,勃利,qth,bl
黑龙江,101051101,鸡西,1,鸡西,jx,jx
黑龙江,101051102,鸡西,2,虎林,jx,hl
黑龙江,101051103,鸡西,2,密山,jx,ms
黑龙江,101051104,鸡西,2,鸡东,jx,jd
黑龙江,101051201,鹤岗,1,鹤岗,hg,hg
黑龙江,101051202,鹤岗,2,绥滨,hg,sb
黑龙江,101051203,鹤岗,2,萝北,hg,lb
黑龙江,101051301,双鸭山,1,双鸭山,sys,sys
黑龙江,101051302,双鸭山,2,集贤,sys,jx
黑龙江,101051303,双鸭山,2,宝清,sys,bq
黑龙江,101051304,双鸭山,2,饶河,sys,rh
黑龙江,101051305,双鸭山,2,友谊,sys,yy
吉林,101060101,长春,1,长春,zc,zc
吉林,101060102,长春,2,农安,zc,na
吉林,101060103,长春,2,德惠,zc,dh
吉林,101060104,长春,2,九台,zc,jt
吉林,101060105,长春,2,榆树,zc,ys
吉林,101060106,长春,2,双阳,zc,sy
吉林,101060201,吉林,1,吉林,jl,jl
吉林,101060202,吉林,2,舒兰,jl,sl
吉林,101060203,吉林,2,永吉,jl,yj
吉林,101060204,吉林,2,蛟河,jl,jh
吉林,101060205,吉林,2,磐石,jl,ps
吉林,101060206,吉林,2,桦甸,jl,hd
吉林,101060301,延边,2,延吉,yb,yj
吉林,101060302,延边,2,敦化,yb,dh
吉林,101060303,延边,2,安图,yb,at
吉林,101060304,延边,2,汪清,yb,wq
吉林,101060305,延边,2,和龙,yb,hl
吉林,101060307,延边,2,龙井,yb,lj
吉林,101060308,延边,2,珲春,yb,hc
吉林,101060309,延边,2,图们,yb,tm
吉林,101060401,四平,1,四平,sp,sp
吉林,101060402,四平,2,双辽,sp,sl
吉林,101060403,四平,2,梨树,sp,ls
吉林,101060404,四平,2,公主岭,sp,gzl
吉林,101060405,四平,2,伊通,sp,yt
吉林,101060501,通化,1,通化,th,th
吉林,101060502,通化,2,梅河口,th,mhk
吉林,101060503,通化,2,柳河,th,lh
吉林,101060504,通化,2,辉南,th,hn
吉林,101060505,通化,2,集安,th,ja
吉林,101060506,通化,2,通化县,th,thx
吉林,101060601,白城,1,白城,bc,bc
吉林,101060602,白城,2,洮南,bc,tn
吉林,101060603,白城,2,大安,bc,da
吉林,101060604,白城,2,镇赉,bc,zl
吉林,101060605,白城,2,通榆,bc,ty
吉林,101060701,辽源,1,辽源,ly,ly
吉林,101060702,辽源,2,东丰,ly,df
吉林,101060703,辽源,2,东辽,ly,dl
吉林,101060801,松原,1,松原,sy,sy
吉林,101060802,松原,2,乾安,sy,qa
吉林,101060803,松原,2,前郭,sy,qg
吉林,101060804,松原,2,长岭,sy,zl
吉林,101060805,松原,2,扶余,sy,fy
吉林,101060901,白山,1,白山,bs,bs
吉林,101060902,白山,2,靖宇,bs,jy
吉林,101060903,白山,2,临江,bs,lj
吉林,101060904,白山,2,东岗,bs,dg
吉林,101060905,白山,2,长白,bs,zb
吉林,101060906,白山,2,抚松,bs,fs
吉林,101060907,白山,2,江源,bs,jy
江苏,101190101,南京,1,南京,nj,nj
江苏,101190102,南京,2,溧水,nj,ls
江苏,101190103,南京,2,高淳,nj,gc
江苏,101190104,南京,2,江宁,nj,jn
江苏,101190105,南京,2,六合,nj,lh
江苏,101190106,南京,2,江浦,nj,jp
江苏,101190107,南京,2,浦口,nj,pk
江苏,101190201,无锡,1,无锡,wx,wx
江苏,101190202,无锡,2,江阴,wx,jy
江苏,101190203,无锡,2,宜兴,wx,yx
江苏,101190204,无锡,2,锡山,wx,xs
江苏,101190301,镇江,1,镇江,zj,zj
江苏,101190302,镇江,2,丹阳,zj,dy
江苏,101190303,镇江,2,扬中,zj,yz
江苏,101190304,镇江,2,句容,zj,jr
江苏,101190305,镇江,2,丹徒,zj,dt
江苏,101190401,苏州,1,苏州,sz,sz
江苏,101190402,苏州,2,常熟,sz,cs
江苏,101190403,苏州,2,张家港,sz,zjg
江苏,101190404,苏州,2,昆山,sz,ks
江苏,101190405,苏州,2,吴中,sz,wz
江苏,101190407,苏州,2,吴江,sz,wj
江苏,101190408,苏州,2,太仓,sz,tc
江苏,101190501,南通,1,南通,nt,nt
江苏,101190502,南通,2,海安,nt,ha
江苏,101190503,南通,2,如皋,nt,rg
江苏,101190504,南通,2,如东,nt,rd
江苏,101190507,南通,2,启东,nt,qd
江苏,101190508,南通,2,海门,nt,hm
江苏,101190509,南通,2,通州,nt,tz
江苏,101190601,扬州,1,扬州,yz,yz
江苏,101190602,扬州,2,宝应,yz,by
江苏,101190603,扬州,2,仪征,yz,yz
江苏,101190604,扬州,2,高邮,yz,gy
江苏,101190605,扬州,2,江都,yz,jd
江苏,101190606,扬州,2,邗江,yz,hj
江苏,101190701,盐城,1,盐城,yc,yc
江苏,101190702,盐城,2,响水,yc,xs
江苏,101190703,盐城,2,滨海,yc,bh
江苏,101190704,盐城,2,阜宁,yc,fn
江苏,101190705,盐城,2,射阳,yc,sy
江苏,101190706,盐城,2,建湖,yc,jh
江苏,101190707,盐城,2,东台,yc,dt
江苏,101190708,盐城,2,大丰,yc,df
江苏,101190709,盐城,2,盐都,yc,yd
江苏,101190801,徐州,1,徐州,xz,xz
江苏,101190802,徐州,2,铜山,xz,ts
江苏,101190803,徐州,2,丰县,xz,fx
江苏,101190804,徐州,2,沛县,xz,px
江苏,101190805,徐州,2,邳州,xz,pz
江苏,101190806,徐州,2,睢宁,xz,sn
江苏,101190807,徐州,2,新沂,xz,xy
江苏,101190901,淮安,1,淮安,ha,ha
江苏,101190902,淮安,2,金湖,ha,jh
江苏,101190903,淮安,2,盱眙,ha,xy
江苏,101190904,淮安,2,洪泽,ha,hz
江苏,101190905,淮安,2,涟水,ha,ls
江苏,101190906,淮安,2,淮阴区,ha,hyq
江苏,101190908,淮安,2,淮安区,ha,haq
江苏,101191001,连云港,1,连云港,lyg,lyg
江苏,101191002,连云港,2,东海,lyg,dh
江苏,101191003,连云港,2,赣榆,lyg,gy
江苏,101191004,连云港,2,灌云,lyg,gy
江苏,101191005,连云港,2,灌南,lyg,gn
江苏,101191101,常州,1,常州,cz,cz
江苏,101191102,常州,2,溧阳,cz,ly
江苏,101191103,常州,2,金坛,cz,jt
江苏,101191104,常州,2,武进,cz,wj
江苏,101191201,泰州,1,泰州,tz,tz
江苏,101191202,泰州,2,兴化,tz,xh
江苏,101191203,泰州,2,泰兴,tz,tx
江苏,101191204,泰州,2,姜堰,tz,jy
江苏,101191205,泰州,2,靖江,tz,jj
江苏,101191301,宿迁,1,宿迁,sq,sq
江苏,101191302,宿迁,2,沭阳,sq,sy
江苏,101191303,宿迁,2,泗阳,sq,sy
江苏,101191304,宿迁,2,泗洪,sq,sh
江苏,101191305,宿迁,2,宿豫,sq,sy
江西,101240101,南昌,1,南昌,nc,nc
江西,101240102,南昌,2,新建,nc,xj
江西,101240103,南昌,2,南昌县,nc,ncx
江西,101240104,南昌,2,安义,nc,ay
江西,101240105,南昌,2,进贤,nc,jx
江西,101240201,九江,1,九江,jj,jj
江西,101240202,九江,2,瑞昌,jj,rc
江西,101240203,九江,2,庐山,jj,ls
江西,101240204,九江,2,武宁,jj,wn
江西,101240205,九江,2,德安,jj,da
江西,101240206,九江,2,永修,jj,yx
江西,101240207,九江,2,湖口,jj,hk
江西,101240208,九江,2,彭泽,jj,pz
江西,101240209,九江,2,星子,jj,xz
江西,101240210,九江,2,都昌,jj,dc
江西,101240212,九江,2,修水,jj,xs
江西,101240301,上饶,1,上饶,sr,sr
江西,101240302,上饶,2,鄱阳,sr,py
江西,101240303,上饶,2,婺源,sr,wy
江西,101240305,上饶,2,余干,sr,yg
江西,101240306,上饶,2,万年,sr,wn
江西,101240307,上饶,2,德兴,sr,dx
江西,101240308,上饶,2,上饶县,sr,srx
江西,101240309,上饶,2,弋阳,sr,yy
江西,101240310,上饶,2,横峰,sr,hf
江西,101240311,上饶,2,铅山,sr,qs
江西,101240312,上饶,2,玉山,sr,ys
江西,101240313,上饶,2,广丰,sr,gf
江西,101240401,抚州,1,抚州,fz,fz
江西,101240402,抚州,2,广昌,fz,gc
江西,101240403,抚州,2,乐安,fz,la
江西,101240404,抚州,2,崇仁,fz,cr
江西,101240405,抚州,2,金溪,fz,jx
江西,101240406,抚州,2,资溪,fz,zx
江西,101240407,抚州,2,宜黄,fz,yh
江西,101240408,抚州,2,南城,fz,nc
江西,101240409,抚州,2,南丰,fz,nf
江西,101240410,抚州,2,黎川,fz,lc
江西,101240411,抚州,2,东乡,fz,dx
江西,101240501,宜春,1,宜春,yc,yc
江西,101240502,宜春,2,铜鼓,yc,tg
江西,101240503,宜春,2,宜丰,yc,yf
江西,101240504,宜春,2,万载,yc,wz
江西,101240505,宜春,2,上高,yc,sg
江西,101240506,宜春,2,靖安,yc,ja
江西,101240507,宜春,2,奉新,yc,fx
江西,101240508,宜春,2,高安,yc,ga
江西,101240509,宜春,2,樟树,yc,zs
江西,101240510,宜春,2,丰城,yc,fc
江西,101240601,吉安,1,吉安,ja,ja
江西,101240602,吉安,2,吉安县,ja,jax
江西,101240603,吉安,2,吉水,ja,js
江西,101240604,吉安,2,新干,ja,xg
江西,101240605,吉安,2,峡江,ja,xj
江西,101240606,吉安,2,永丰,ja,yf
江西,101240607,吉安,2,永新,ja,yx
江西,101240608,吉安,2,井冈山,ja,jgs
江西,101240609,吉安,2,万安,ja,wa
江西,101240610,吉安,2,遂川,ja,sc
江西,101240611,吉安,2,泰和,ja,th
江西,101240612,吉安,2,安福,ja,af
江西,101240613,吉安,2,宁冈,ja,ng
江西,101240701,赣州,1,赣州,gz,gz
江西,101240702,赣州,2,崇义,gz,cy
江西,101240703,赣州,2,上犹,gz,sy
江西,101240704,赣州,2,南康,gz,nk
江西,101240705,赣州,2,大余,gz,dy
江西,101240706,赣州,2,信丰,gz,xf
江西,101240707,赣州,2,宁都,gz,nd
江西,101240708,赣州,2,石城,gz,sc
江西,101240709,赣州,2,瑞金,gz,rj
江西,101240710,赣州,2,于都,gz,yd
江西,101240711,赣州,2,会昌,gz,hc
江西,101240712,赣州,2,安远,gz,ay
江西,101240713,赣州,2,全南,gz,qn
江西,101240714,赣州,2,龙南,gz,ln
江西,101240715,赣州,2,定南,gz,dn
江西,101240716,赣州,2,寻乌,gz,xw
江西,101240717,赣州,2,兴国,gz,xg
江西,101240718,赣州,2,赣县,gz,gx
江西,101240801,景德镇,1,景德镇,jdz,jdz
江西,101240802,景德镇,2,乐平,jdz,lp
江西,101240803,景德镇,2,浮梁,jdz,fl
江西,101240901,萍乡,1,萍乡,px,px
江西,101240902,萍乡,2,莲花,px,lh
江西,101240903,萍乡,2,上栗,px,sl
江西,101240904,萍乡,2,安源,px,ay
江西,101240905,萍乡,2,芦溪,px,lx
江西,101240906,萍乡,2,湘东,px,xd
江西,101241001,新余,1,新余,xy,xy
江西,101241002,新余,2,分宜,xy,fy
江西,101241101,鹰潭,1,鹰潭,yt,yt
江西,101241102,鹰潭,2,余江,yt,yj
江西,101241103,鹰潭,2,贵溪,yt,gx
辽宁,101070101,沈阳,1,沈阳,sy,sy
辽宁,101070103,沈阳,2,辽中,sy,lz
辽宁,101070104,沈阳,2,康平,sy,kp
辽宁,101070105,沈阳,2,法库,sy,fk
辽宁,101070106,沈阳,2,新民,sy,xm
辽宁,101070201,大连,1,大连,dl,dl
辽宁,101070202,大连,2,瓦房店,dl,wfd
辽宁,101070203,大连,2,金州,dl,jz
辽宁,101070204,大连,2,普兰店,dl,pld
辽宁,101070205,大连,2,旅顺,dl,ls
辽宁,101070206,大连,2,长海,dl,zh
辽宁,101070207,大连,2,庄河,dl,zh
辽宁,101070301,鞍山,1,鞍山,as,as
辽宁,101070302,鞍山,2,台安,as,ta
辽宁,101070303,鞍山,2,岫岩,as,xy
辽宁,101070304,鞍山,2,海城,as,hc
辽宁,101070401,抚顺,1,抚顺,fs,fs
辽宁,101070402,抚顺,2,新宾,fs,xb
辽宁,101070403,抚顺,2,清原,fs,qy
辽宁,101070404,抚顺,2,章党,fs,zd
辽宁,101070501,本溪,1,本溪,bx,bx
辽宁,101070502,本溪,2,本溪县,bx,bxx
辽宁,101070504,本溪,2,桓仁,bx,hr
辽宁,101070601,丹东,1,丹东,dd,dd
辽宁,101070602,丹东,2,凤城,dd,fc
辽宁,101070603,丹东,2,宽甸,dd,kd
辽宁,101070604,丹东,2,东港,dd,dg
辽宁,101070701,锦州,1,锦州,jz,jz
辽宁,101070702,锦州,2,凌海,jz,lh
辽宁,101070704,锦州,2,义县,jz,yx
辽宁,101070705,锦州,2,黑山,jz,hs
辽宁,101070706,锦州,2,北镇,jz,bz
辽宁,101070801,营口,1,营口,yk,yk
辽宁,101070802,营口,2,大石桥,yk,dsq
辽宁,101070803,营口,2,盖州,yk,gz
辽宁,101070901,阜新,1,阜新,fx,fx
辽宁,101070902,阜新,2,彰武,fx,zw
辽宁,101071001,辽阳,1,辽阳,ly,ly
辽宁,101071002,辽阳,2,辽阳县,ly,lyx
辽宁,101071003,辽阳,2,灯塔,ly,dt
辽宁,101071004,辽阳,2,弓长岭,ly,gzl
辽宁,101071101,铁岭,1,铁岭,tl,tl
辽宁,101071102,铁岭,2,开原,tl,ky
辽宁,101071103,铁岭,2,昌图,tl,ct
辽宁,101071104,铁岭,2,西丰,tl,xf
辽宁,101071105,铁岭,2,调兵山,tl,dbs
辽宁,101071201,朝阳,1,朝阳,cy,cy
辽宁,101071203,朝阳,2,凌源,cy,ly
辽宁,101071204,朝阳,2,喀左,cy,kz
辽宁,101071205,朝阳,2,北票,cy,bp
辽宁,101071207,朝阳,2,建平县,cy,jpx
辽宁,101071301,盘锦,1,盘锦,pj,pj
辽宁,101071302,盘锦,2,大洼,pj,dw
辽宁,101071303,盘锦,2,盘山,pj,ps
辽宁,101071401,葫芦岛,1,葫芦岛,hld,hld
辽宁,101071402,葫芦岛,2,建昌,hld,jc
辽宁,101071403,葫芦岛,2,绥中,hld,sz
辽宁,101071404,葫芦岛,2,兴城,hld,xc
内蒙古,101080101,呼和浩特,1,呼和浩特,hhht,hhht
内蒙古,101080102,呼和浩特,2,土左旗,hhht,tzq
内蒙古,101080103,呼和浩特,2,托县,hhht,tx
内蒙古,101080104,呼和浩特,2,和林,hhht,hl
内蒙古,101080105,呼和浩特,2,清水河,hhht,qsh
内蒙古,101080106,呼和浩特,2,呼市郊区,hhht,hsjq
内蒙古,101080107,呼和浩特,2,武川,hhht,wc
内蒙古,101080201,包头,1,包头,bt,bt
内蒙古,101080202,包头,2,白云鄂博,bt,byeb
内蒙古,101080203,包头,2,满都拉,bt,mdl
内蒙古,101080204,包头,2,土右旗,bt,tyq
内蒙古,101080205,包头,2,固阳,bt,gy
内蒙古,101080206,包头,2,达茂旗,bt,dmq
内蒙古,101080207,包头,2,希拉穆仁,bt,xlmr
内蒙古,101080301,乌海,1,乌海,wh,wh
内蒙古,101080401,乌兰察布,2,集宁,wlcb,jn
内蒙古,101080402,乌兰察布,2,卓资,wlcb,zz
内蒙古,101080403,乌兰察布,2,化德,wlcb,hd
内蒙古,101080404,乌兰察布,2,商都,wlcb,sd
内蒙古,101080406,乌兰察布,2,兴和,wlcb,xh
内蒙古,101080407,乌兰察布,2,凉城,wlcb,lc
内蒙古,101080408,乌兰察布,2,察右前旗,wlcb,cyqq
内蒙古,101080409,乌兰察布,2,察右中旗,wlcb,cyzq
内蒙古,101080410,乌兰察布,2,察右后旗,wlcb,cyhq
内蒙古,101080411,乌兰察布,2,四子王旗,wlcb,szwq
内蒙古,101080412,乌兰察布,2,丰镇,wlcb,fz
内蒙古,101080501,通辽,1,通辽,tl,tl
内蒙古,101080502,通辽,2,舍伯吐,tl,sbt
内蒙古,101080503,通辽,2,科左中旗,tl,kzzq
内蒙古,101080504,通辽,2,科左后旗,tl,kzhq
内蒙古,101080505,通辽,2,青龙山,tl,qls
内蒙古,101080506,通辽,2,开鲁,tl,kl
内蒙古,101080507,通辽,2,库伦,tl,kl
内蒙古,101080508,通辽,2,奈曼,tl,nm
内蒙古,101080509,通辽,2,扎鲁特,tl,zlt
内蒙古,101080511,通辽,2,巴雅尔吐胡硕,tl,byeths
内蒙古,101081108,通辽,2,霍林郭勒,tl,hlgl
内蒙古,101080601,赤峰,1,赤峰,cf,cf
内蒙古,101080603,赤峰,2,阿鲁旗,cf,alq
内蒙古,101080604,赤峰,2,浩尔吐,cf,het
内蒙古,101080605,赤峰,2,巴林左旗,cf,blzq
内蒙古,101080606,赤峰,2,巴林右旗,cf,blyq
内蒙古,101080607,赤峰,2,林西,cf,lx
内蒙古,101080608,赤峰,2,克什克腾,cf,kskt
内蒙古,101080609,赤峰,2,翁牛特,cf,wnt
内蒙古,101080610,赤峰,2,岗子,cf,gz
内蒙古,101080611,赤峰,2,喀喇沁,cf,klq
内蒙古,101080612,赤峰,2,八里罕,cf,blh
内蒙古,101080613,赤峰,2,宁城,cf,nc
内蒙古,101080614,赤峰,2,敖汉,cf,ah
内蒙古,101080615,赤峰,2,宝国吐,cf,bgt
内蒙古,101080701,鄂尔多斯,1,鄂尔多斯,eeds,eeds
内蒙古,101080703,鄂尔多斯,2,达拉特,eeds,dlt
内蒙古,101080704,鄂尔多斯,2,准格尔,eeds,zge
内蒙古,101080705,鄂尔多斯,2,鄂前旗,eeds,eqq
内蒙古,101080706,鄂尔多斯,2,河南,eeds,hn
内蒙古,101080707,鄂尔多斯,2,伊克乌素,eeds,ykws
内蒙古,101080708,鄂尔多斯,2,鄂托克,eeds,etk
内蒙古,101080709,鄂尔多斯,2,杭锦旗,eeds,hjq
内蒙古,101080710,鄂尔多斯,2,乌审旗,eeds,wsq
内蒙古,101080711,鄂尔多斯,2,伊金霍洛,eeds,yjhl
内蒙古,101080712,鄂尔多斯,2,乌审召,eeds,wsz
内蒙古,101080713,鄂尔多斯,2,东胜,eeds,ds
内蒙古,101080801,巴彦淖尔,2,临河,byne,lh
内蒙古,101080802,巴彦淖尔,2,五原,byne,wy
内蒙古,101080803,巴彦淖尔,2,磴口,byne,dk
内蒙古,101080804,巴彦淖尔,2,乌前旗,byne,wqq
内蒙古,101080805,巴彦淖尔,2,大佘太,byne,dst
内蒙古,101080806,巴彦淖尔,2,乌中旗,byne,wzq
内蒙古,101080807,巴彦淖尔,2,乌后旗,byne,whq
内蒙古,101080808,巴彦淖尔,2,海力素,byne,hls
内蒙古,101080809,巴彦淖尔,2,那仁宝力格,byne,nrblg
内蒙古,101080810,巴彦淖尔,2,杭锦后旗,byne,hjhq
内蒙古,101080901,锡林郭勒,2,锡林浩特,xlgl,xlht
内蒙古,101080903,锡林郭勒,2,二连浩特,xlgl,elht
内蒙古,101080904,锡林郭勒,2,阿巴嘎,xlgl,abg
内蒙古,101080906,锡林郭勒,2,苏左旗,xlgl,szq
内蒙古,101080907,锡林郭勒,2,苏右旗,xlgl,syq
内蒙古,101080908,锡林郭勒,2,朱日和,xlgl,zrh
内蒙古,101080909,锡林郭勒,2,东乌旗,xlgl,dwq
内蒙古,101080910,锡林郭勒,2,西乌旗,xlgl,xwq
内蒙古,101080911,锡林郭勒,2,太仆寺,xlgl,tps
内蒙古,101080912,锡林郭勒,2,镶黄旗,xlgl,xhq
内蒙古,101080913,锡林郭勒,2,正镶白旗,xlgl,zxbq
内蒙古,101080914,锡林郭勒,2,正蓝旗,xlgl,zlq
内蒙古,101080915,锡林郭勒,2,多伦,xlgl,dl
内蒙古,101080916,锡林郭勒,2,博克图,xlgl,bkt
内蒙古,101080917,锡林郭勒,2,乌拉盖,xlgl,wlg
内蒙古,101081001,呼伦贝尔,2,海拉尔,hlbe,hle
内蒙古,101081002,呼伦贝尔,2,小二沟,hlbe,xeg
内蒙古,101081003,呼伦贝尔,2,阿荣旗,hlbe,arq
内蒙古,101081004,呼伦贝尔,2,莫力达瓦,hlbe,mldw
内蒙古,101081005,呼伦贝尔,2,鄂伦春旗,hlbe,elcq
内蒙古,101081006,呼伦贝尔,2,鄂温克旗,hlbe,ewkq
内蒙古,101081007,呼伦贝尔,2,陈旗,hlbe,cq
内蒙古,101081008,呼伦贝尔,2,新左旗,hlbe,xzq
内蒙古,101081009,呼伦贝尔,2,新右旗,hlbe,xyq
内蒙古,101081010,呼伦贝尔,2,满洲里,hlbe,mzl
内蒙古,101081011,呼伦贝尔,2,牙克石,hlbe,yks
内蒙古,101081012,呼伦贝尔,2,扎兰屯,hlbe,zlt
内蒙古,101081014,呼伦贝尔,2,额尔古纳,hlbe,eegn
内蒙古,101081015,呼伦贝尔,2,根河,hlbe,gh
内蒙古,101081016,呼伦贝尔,2,图里河,hlbe,tlh
内蒙古,101080510,兴安盟,2,高力板,xam,glb
内蒙古,101081101,兴安盟,2,乌兰浩特,xam,wlht
内蒙古,101081102,兴安盟,2,阿尔山,xam,aes
内蒙古,101081103,兴安盟,2,科右中旗,xam,kyzq
内蒙古,101081104,兴安盟,2,胡尔勒,xam,hel
内蒙古,101081105,兴安盟,2,扎赉特,xam,zlt
内蒙古,101081106,兴安盟,2,索伦,xam,sl
内蒙古,101081107,兴安盟,2,突泉,xam,tq
内蒙古,101081109,兴安盟,2,科右前旗,xam,kyqq
内蒙古,101081201,阿拉善盟,2,阿左旗,alsm,azq
内蒙古,101081202,阿拉善盟,2,阿右旗,alsm,ayq
内蒙古,101081203,阿拉善盟,2,额济纳,alsm,ejn
内蒙古,101081204,阿拉善盟,2,拐子湖,alsm,gzh
内蒙古,101081205,阿拉善盟,2,吉兰太,alsm,jlt
内蒙古,101081206,阿拉善盟,2,锡林高勒,alsm,xlgl
内蒙古,101081207,阿拉善盟,2,头道湖,alsm,tdh
内蒙古,101081208,阿拉善盟,2,中泉子,alsm,zqz
内蒙古,101081209,阿拉善盟,2,诺尔公,alsm,neg
内蒙古,101081210,阿拉善盟,2,雅布赖,alsm,ybl
内蒙古,101081211,阿拉善盟,2,乌斯泰,alsm,wst
内蒙古,101081212,阿拉善盟,2,孪井滩,alsm,ljt
宁夏,101170101,银川,1,银川,yc,yc
宁夏,101170102,银川,2,永宁,yc,yn
宁夏,101170103,银川,2,灵武,yc,lw
宁夏,101170104,银川,2,贺兰,yc,hl
宁夏,101170201,石嘴山,1,石嘴山,szs,szs
宁夏,101170202,石嘴山,2,惠农,szs,hn
宁夏,101170203,石嘴山,2,平罗,szs,pl
宁夏,101170204,石嘴山,2,陶乐,szs,tl
宁夏,101170301,吴忠,1,吴忠,wz,wz
宁夏,101170302,吴忠,2,同心,wz,tx
宁夏,101170303,吴忠,2,盐池,wz,yc
宁夏,101170306,吴忠,2,青铜峡,wz,qtx
宁夏,101170401,固原,1,固原,gy,gy
宁夏,101170402,固原,2,西吉,gy,xj
宁夏,101170403,固原,2,隆德,gy,ld
宁夏,101170404,固原,2,泾源,gy,jy
宁夏,101170406,固原,2,彭阳,gy,py
宁夏,101170501,中卫,1,中卫,zw,zw
宁夏,101170502,中卫,2,中宁,zw,zn
宁夏,101170504,中卫,2,海原,zw,hy
青海,101150101,西宁,1,西宁,xn,xn
青海,101150102,西宁,2,大通,xn,dt
青海,101150103,西宁,2,湟源,xn,hy
青海,101150104,西宁,2,湟中,xn,hz
青海,101150201,海东,1,海东,hd,hd
青海,101150202,海东,2,乐都,hd,ld
青海,101150203,海东,2,民和,hd,mh
青海,101150204,海东,2,互助,hd,hz
青海,101150205,海东,2,化隆,hd,hl
青海,101150206,海东,2,循化,hd,xh
青海,101150207,海东,2,冷湖,hd,lh
青海,101150208,海东,2,平安,hd,pa
青海,101150301,黄南,1,黄南,hn,hn
青海,101150302,黄南,2,尖扎,hn,jz
青海,101150303,黄南,2,泽库,hn,zk
青海,101150304,黄南,2,河南,hn,hn
青海,101150305,黄南,2,同仁,hn,tr
青海,101150401,海南,1,海南,hn,hn
青海,101150404,海南,2,贵德,hn,gd
青海,101150406,海南,2,兴海,hn,xh
青海,101150407,海南,2,贵南,hn,gn
青海,101150408,海南,2,同德,hn,td
青海,101150409,海南,2,共和,hn,gh
青海,101150501,果洛,1,果洛,gl,gl
青海,101150502,果洛,2,班玛,gl,bm
青海,101150503,果洛,2,甘德,gl,gd
青海,101150504,果洛,2,达日,gl,dr
青海,101150505,果洛,2,久治,gl,jz
青海,101150506,果洛,2,玛多,gl,md
青海,101150508,果洛,2,玛沁,gl,mq
青海,101150601,玉树,1,玉树,ys,ys
青海,101150602,玉树,2,称多,ys,cd
青海,101150603,玉树,2,治多,ys,zd
青海,101150604,玉树,2,杂多,ys,zd
青海,101150605,玉树,2,囊谦,ys,nq
青海,101150606,玉树,2,曲麻莱,ys,qml
青海,101150701,海西,1,海西,hx,hx
青海,101150708,海西,2,天峻,hx,tj
青海,101150709,海西,2,乌兰,hx,wl
青海,101150712,海西,2,茫崖,hx,my
青海,101150713,海西,2,大柴旦,hx,dcd
青海,101150716,海西,2,德令哈,hx,dlh
青海,101150801,海北,1,海北,hb,hb
青海,101150802,海北,2,门源,hb,my
青海,101150803,海北,2,祁连,hb,ql
青海,101150804,海北,2,海晏,hb,hy
青海,101150806,海北,2,刚察,hb,gc
青海,101150901,格尔木,1,格尔木,gem,gem
青海,101150902,格尔木,2,都兰,gem,dl
山东,101120101,济南,1,济南,jn,jn
山东,101120102,济南,2,长清,jn,zq
山东,101120103,济南,2,商河,jn,sh
山东,101120104,济南,2,章丘,jn,zq
山东,101120105,济南,2,平阴,jn,py
山东,101120106,济南,2,济阳,jn,jy
山东,101120201,青岛,1,青岛,qd,qd
山东,101120202,青岛,2,崂山,qd,ls
山东,101120204,青岛,2,即墨,qd,jm
山东,101120205,青岛,2,胶州,qd,jz
山东,101120206,青岛,2,黄岛,qd,hd
山东,101120207,青岛,2,莱西,qd,lx
山东,101120208,青岛,2,平度,qd,pd
山东,101120301,淄博,1,淄博,zb,zb
山东,101120302,淄博,2,淄川,zb,zc
山东,101120303,淄博,2,博山,zb,bs
山东,101120304,淄博,2,高青,zb,gq
山东,101120305,淄博,2,周村,zb,zc
山东,101120306,淄博,2,沂源,zb,yy
山东,101120307,淄博,2,桓台,zb,ht
山东,101120308,淄博,2,临淄,zb,lz
山东,101120401,德州,1,德州,dz,dz
山东,101120402,德州,2,武城,dz,wc
山东,101120403,德州,2,临邑,dz,ly
山东,101120404,德州,2,陵县,dz,lx
山东,101120405,德州,2,齐河,dz,qh
山东,101120406,德州,2,乐陵,dz,ll
山东,101120407,德州,2,庆云,dz,qy
山东,101120408,德州,2,平原,dz,py
山东,101120409,德州,2,宁津,dz,nj
山东,101120410,德州,2,夏津,dz,xj
山东,101120411,德州,2,禹城,dz,yc
山东,101120501,烟台,1,烟台,yt,yt
山东,101120502,烟台,2,莱州,yt,lz
山东,101120503,烟台,2,长岛,yt,zd
山东,101120504,烟台,2,蓬莱,yt,pl
山东,101120505,烟台,2,龙口,yt,lk
山东,101120506,烟台,2,招远,yt,zy
山东,101120507,烟台,2,栖霞,yt,qx
山东,101120508,烟台,2,福山,yt,fs
山东,101120509,烟台,2,牟平,yt,mp
山东,101120510,烟台,2,莱阳,yt,ly
山东,101120511,烟台,2,海阳,yt,hy
山东,101120601,潍坊,1,潍坊,wf,wf
山东,101120602,潍坊,2,青州,wf,qz
山东,101120603,潍坊,2,寿光,wf,sg
山东,101120604,潍坊,2,临朐,wf,lq
山东,101120605,潍坊,2,昌乐,wf,cl
山东,101120606,潍坊,2,昌邑,wf,cy
山东,101120607,潍坊,2,安丘,wf,aq
山东,101120608,潍坊,2,高密,wf,gm
山东,101120609,潍坊,2,诸城,wf,zc
山东,101120701,济宁,1,济宁,jn,jn
山东,101120702,济宁,2,嘉祥,jn,jx
山东,101120703,济宁,2,微山,jn,ws
山东,101120704,济宁,2,鱼台,jn,yt
山东,101120705,济宁,2,兖州,jn,yz
山东,101120706,济宁,2,金乡,jn,jx
山东,101120707,济宁,2,汶上,jn,ws
山东,101120708,济宁,2,泗水,jn,ss
山东,101120709,济宁,2,梁山,jn,ls
山东,101120710,济宁,2,曲阜,jn,qf
山东,101120711,济宁,2,邹城,jn,zc
山东,101120801,泰安,1,泰安,ta,ta
山东,101120802,泰安,2,新泰,ta,xt
山东,101120804,泰安,2,肥城,ta,fc
山东,101120805,泰安,2,东平,ta,dp
山东,101120806,泰安,2,宁阳,ta,ny
山东,101120901,临沂,1,临沂,ly,ly
山东,101120902,临沂,2,莒南,ly,jn
山东,101120903,临沂,2,沂南,ly,yn
山东,101120904,临沂,2,兰陵,ly,ll
山东,101120905,临沂,2,临沭,ly,ls
山东,101120906,临沂,2,郯城,ly,tc
山东,101120907,临沂,2,蒙阴,ly,my
山东,101120908,临沂,2,平邑,ly,py
山东,101120909,临沂,2,费县,ly,fx
山东,101120910,临沂,2,沂水,ly,ys
山东,101121001,菏泽,1,菏泽,hz,hz
山东,101121002,菏泽,2,鄄城,hz,jc
山东,101121003,菏泽,2,郓城,hz,yc
山东,101121004,菏泽,2,东明,hz,dm
山东,101121005,菏泽,2,定陶,hz,dt
山东,101121006,菏泽,2,巨野,hz,jy
山东,101121007,菏泽,2,曹县,hz,cx
山东,101121008,菏泽,2,成武,hz,cw
山东,101121009,菏泽,2,单县,hz,dx
山东,101121101,滨州,1,滨州,bz,bz
山东,101121102,滨州,2,博兴,bz,bx
山东,101121103,滨州,2,无棣,bz,wd
山东,101121104,滨州,2,阳信,bz,yx
山东,101121105,滨州,2,惠民,bz,hm
山东,101121106,滨州,2,沾化,bz,zh
山东,101121107,滨州,2,邹平,bz,zp
山东,101121201,东营,1,东营,dy,dy
山东,101121202,东营,2,河口,dy,hk
山东,101121203,东营,2,垦利,dy,kl
山东,101121204,东营,2,利津,dy,lj
山东,101121205,东营,2,广饶,dy,gr
山东,101121301,威海,1,威海,wh,wh
山东,101121302,威海,2,文登,wh,wd
山东,101121303,威海,2,荣成,wh,rc
山东,101121304,威海,2,乳山,wh,rs
山东,101121305,威海,2,成山头,wh,cst
山东,101121306,威海,2,石岛,wh,sd
山东,101121401,枣庄,1,枣庄,zz,zz
山东,101121402,枣庄,2,薛城,zz,xc
山东,101121403,枣庄,2,峄城,zz,yc
山东,101121404,枣庄,2,台儿庄,zz,tez
山东,101121405,枣庄,2,滕州,zz,tz
山东,101121501,日照,1,日照,rz,rz
山东,101121502,日照,2,五莲,rz,wl
山东,101121503,日照,2,莒县,rz,jx
山东,101121601,莱芜,1,莱芜,lw,lw
山东,101121701,聊城,1,聊城,lc,lc
山东,101121702,聊城,2,冠县,lc,gx
山东,101121703,聊城,2,阳谷,lc,yg
山东,101121704,聊城,2,高唐,lc,gt
山东,101121705,聊城,2,茌平,lc,cp
山东,101121706,聊城,2,东阿,lc,da
山东,101121707,聊城,2,临清,lc,lq
山东,101121709,聊城,2,莘县,lc,xx
陕西,101110101,西安,1,西安,xa,xa
陕西,101110102,西安,2,长安,xa,za
陕西,101110103,西安,2,临潼,xa,lt
陕西,101110104,西安,2,蓝田,xa,lt
陕西,101110105,西安,2,周至,xa,zz
陕西,101110106,西安,2,户县,xa,hx
陕西,101110107,西安,2,高陵,xa,gl
陕西,101110200,咸阳,1,咸阳,xy,xy
陕西,101110201,咸阳,2,三原,xy,sy
陕西,101110202,咸阳,2,礼泉,xy,lq
陕西,101110203,咸阳,2,永寿,xy,ys
陕西,101110204,咸阳,2,淳化,xy,ch
陕西,101110205,咸阳,2,泾阳,xy,jy
陕西,101110206,咸阳,2,武功,xy,wg
陕西,101110207,咸阳,2,乾县,xy,qx
陕西,101110208,咸阳,2,彬县,xy,bx
陕西,101110209,咸阳,2,长武,xy,zw
陕西,101110210,咸阳,2,旬邑,xy,xy
陕西,101110211,咸阳,2,兴平,xy,xp
陕西,101110300,延安,1,延安,ya,ya
陕西,101110301,延安,2,延长,ya,yz
陕西,101110302,延安,2,延川,ya,yc
陕西,101110303,延安,2,子长,ya,zz
陕西,101110304,延安,2,宜川,ya,yc
陕西,101110305,延安,2,富县,ya,fx
陕西,101110306,延安,2,志丹,ya,zd
陕西,101110307,延安,2,安塞,ya,as
陕西,101110308,延安,2,甘泉,ya,gq
陕西,101110309,延安,2,洛川,ya,lc
陕西,101110310,延安,2,黄陵,ya,hl
陕西,101110311,延安,2,黄龙,ya,hl
陕西,101110312,延安,2,吴起,ya,wq
陕西,101110401,榆林,1,榆林,yl,yl
陕西,101110402,榆林,2,府谷,yl,fg
陕西,101110403,榆林,2,神木,yl,sm
陕西,101110404,榆林,2,佳县,yl,jx
陕西,101110405,榆林,2,定边,yl,db
陕西,101110406,榆林,2,靖边,yl,jb
陕西,101110407,榆林,2,横山,yl,hs
陕西,101110408,榆林,2,米脂,yl,mz
陕西,101110409,榆林,2,子洲,yl,zz
陕西,101110410,榆林,2,绥德,yl,sd
陕西,101110411,榆林,2,吴堡,yl,wb
陕西,101110412,榆林,2,清涧,yl,qj
陕西,101110413,榆林,2,榆阳,yl,yy
陕西,101110501,渭南,1,渭南,wn,wn
陕西,101110502,渭南,2,华县,wn,hx
陕西,101110503,渭南,2,潼关,wn,tg
陕西,101110504,渭南,2,大荔,wn,dl
陕西,101110505,渭南,2,白水,wn,bs
陕西,101110506,渭南,2,富平,wn,fp
陕西,101110507,渭南,2,蒲城,wn,pc
陕西,101110508,渭南,2,澄城,wn,cc
陕西,101110509,渭南,2,合阳,wn,hy
陕西,101110510,渭南,2,韩城,wn,hc
陕西,101110511,渭南,2,华阴,wn,hy
陕西,101110601,商洛,1,商洛,sl,sl
陕西,101110602,商洛,2,洛南,sl,ln
陕西,101110603,商洛,2,柞水,sl,zs
陕西,101110604,商洛,2,商州,sl,sz
陕西,101110605,商洛,2,镇安,sl,za
陕西,101110606,商洛,2,丹凤,sl,df
陕西,101110607,商洛,2,商南,sl,sn
陕西,101110608,商洛,2,山阳,sl,sy
陕西,101110701,安康,1,安康,ak,ak
陕西,101110702,安康,2,紫阳,ak,zy
陕西,101110703,安康,2,石泉,ak,sq
陕西,101110704,安康,2,汉阴,ak,hy
陕西,101110705,安康,2,旬阳,ak,xy
陕西,101110706,安康,2,岚皋,ak,lg
陕西,101110707,安康,2,平利,ak,pl
陕西,101110708,安康,2,白河,ak,bh
陕西,101110709,安康,2,镇坪,ak,zp
陕西,101110710,安康,2,宁陕,ak,ns
陕西,101110801,汉中,1,汉中,hz,hz
陕西,101110802,汉中,2,略阳,hz,ly
陕西,101110803,汉中,2,勉县,hz,mx
陕西,101110804,汉中,2,留坝,hz,lb
陕西,101110805,汉中,2,洋县,hz,yx
陕西,101110806,汉中,2,城固,hz,cg
陕西,101110807,汉中,2,西乡,hz,xx
陕西,101110808,汉中,2,佛坪,hz,fp
陕西,101110809,汉中,2,宁强,hz,nq
陕西,101110810,汉中,2,南郑,hz,nz
陕西,101110811,汉中,2,镇巴,hz,zb
陕西,101110901,宝鸡,1,宝鸡,bj,bj
陕西,101110903,宝鸡,2,千阳,bj,qy
陕西,101110904,宝鸡,2,麟游,bj,ly
陕西,101110905,宝鸡,2,岐山,bj,qs
陕西,101110906,宝鸡,2,凤翔,bj,fx
陕西,101110907,宝鸡,2,扶风,bj,ff
陕西,101110908,宝鸡,2,眉县,bj,mx
陕西,101110909,宝鸡,2,太白,bj,tb
陕西,101110910,宝鸡,2,凤县,bj,fx
陕西,101110911,宝鸡,2,陇县,bj,lx
陕西,101110912,宝鸡,2,陈仓,bj,cc
陕西,101111001,铜川,1,铜川,tc,tc
陕西,101111002,铜川,2,耀县,tc,yx
陕西,101111003,铜川,2,宜君,tc,yj
陕西,101111004,铜川,2,耀州,tc,yz
陕西,101111101,杨凌,1,杨凌,yl,yl
山西,101100101,太原,1,太原,ty,ty
山西,101100102,太原,2,清徐,ty,qx
山西,101100103,太原,2,阳曲,ty,yq
山西,101100104,太原,2,娄烦,ty,lf
山西,101100105,太原,2,古交,ty,gj
山西,101100106,太原,2,尖草坪区,ty,jcpq
山西,101100107,太原,2,小店区,ty,xdq
山西,101100201,大同,1,大同,dt,dt
山西,101100202,大同,2,阳高,dt,yg
山西,101100203,大同,2,大同县,dt,dtx
山西,101100204,大同,2,天镇,dt,tz
山西,101100205,大同,2,广灵,dt,gl
山西,101100206,大同,2,灵丘,dt,lq
山西,101100207,大同,2,浑源,dt,hy
山西,101100208,大同,2,左云,dt,zy
山西,101100301,阳泉,1,阳泉,yq,yq
山西,101100302,阳泉,2,盂县,yq,yx
山西,101100303,阳泉,2,平定,yq,pd
山西,101100401,晋中,1,晋中,jz,jz
山西,101100402,晋中,2,榆次,jz,yc
山西,101100403,晋中,2,榆社,jz,ys
山西,101100404,晋中,2,左权,jz,zq
山西,101100405,晋中,2,和顺,jz,hs
山西,101100406,晋中,2,昔阳,jz,xy
山西,101100407,晋中,2,寿阳,jz,sy
山西,101100408,晋中,2,太谷,jz,tg
山西,101100409,晋中,2,祁县,jz,qx
山西,101100410,晋中,2,平遥,jz,py
山西,101100411,晋中,2,灵石,jz,ls
山西,101100412,晋中,2,介休,jz,jx
山西,101100501,长治,1,长治,zz,zz
山西,101100502,长治,2,黎城,zz,lc
山西,101100503,长治,2,屯留,zz,tl
山西,101100504,长治,2,潞城,zz,lc
山西,101100505,长治,2,襄垣,zz,xy
山西,101100506,长治,2,平顺,zz,ps
山西,101100507,长治,2,武乡,zz,wx
山西,101100508,长治,2,沁县,zz,qx
山西,101100509,长治,2,长子,zz,zz
山西,101100510,长治,2,沁源,zz,qy
山西,101100511,长治,2,壶关,zz,hg
山西,101100601,晋城,1,晋城,jc,jc
山西,101100602,晋城,2,沁水,jc,qs
山西,101100603,晋城,2,阳城,jc,yc
山西,101100604,晋城,2,陵川,jc,lc
山西,101100605,晋城,2,高平,jc,gp
山西,101100606,晋城,2,泽州,jc,zz
山西,101100701,临汾,1,临汾,lf,lf
山西,101100702,临汾,2,曲沃,lf,qw
山西,101100703,临汾,2,永和,lf,yh
山西,101100704,临汾,2,隰县,lf,xx
山西,101100705,临汾,2,大宁,lf,dn
山西,101100706,临汾,2,吉县,lf,jx
山西,101100707,临汾,2,襄汾,lf,xf
山西,101100708,临汾,2,蒲县,lf,px
山西,101100709,临汾,2,汾西,lf,fx
山西,101100710,临汾,2,洪洞,lf,hd
山西,101100711,临汾,2,霍州,lf,hz
山西,101100712,临汾,2,乡宁,lf,xn
山西,101100713,临汾,2,翼城,lf,yc
山西,101100714,临汾,2,侯马,lf,hm
山西,101100715,临汾,2,浮山,lf,fs
山西,101100716,临汾,2,安泽,lf,az
山西,101100717,临汾,2,古县,lf,gx
山西,101100801,运城,1,运城,yc,yc
山西,101100802,运城,2,临猗,yc,ly
山西,101100803,运城,2,稷山,yc,js
山西,101100804,运城,2,万荣,yc,wr
山西,101100805,运城,2,河津,yc,hj
山西,101100806,运城,2,新绛,yc,xj
山西,101100807,运城,2,绛县,yc,jx
山西,101100808,运城,2,闻喜,yc,wx
山西,101100809,运城,2,垣曲,yc,yq
山西,101100810,运城,2,永济,yc,yj
山西,101100811,运城,2,芮城,yc,rc
山西,101100812,运城,2,夏县,yc,xx
山西,101100813,运城,2,平陆,yc,pl
山西,101100901,朔州,1,朔州,sz,sz
山西,101100902,朔州,2,平鲁,sz,pl
山西,101100903,朔州,2,山阴,sz,sy
山西,101100904,朔州,2,右玉,sz,yy
山西,101100905,朔州,2,应县,sz,yx
山西,101100906,朔州,2,怀仁,sz,hr
山西,101101001,忻州,1,忻州,xz,xz
山西,101101002,忻州,2,定襄,xz,dx
山西,101101003,忻州,2,五台县,xz,wtx
山西,101101004,忻州,2,河曲,xz,hq
山西,101101005,忻州,2,偏关,xz,pg
山西,101101006,忻州,2,神池,xz,sc
山西,101101007,忻州,2,宁武,xz,nw
山西,101101008,忻州,2,代县,xz,dx
山西,101101009,忻州,2,繁峙,xz,fz
山西,101101010,忻州,2,五台山,xz,wts
山西,101101011,忻州,2,保德,xz,bd
山西,101101012,忻州,2,静乐,xz,jl
山西,101101013,忻州,2,岢岚,xz,kl
山西,101101014,忻州,2,五寨,xz,wz
山西,101101015,忻州,2,原平,xz,yp
山西,101101100,吕梁,1,吕梁,ll,ll
山西,101101101,吕梁,2,离石,ll,ls
山西,101101102,吕梁,2,临县,ll,lx
山西,101101103,吕梁,2,兴县,ll,xx
山西,101101104,吕梁,2,岚县,ll,lx
山西,101101105,吕梁,2,柳林,ll,ll
山西,101101106,吕梁,2,石楼,ll,sl
山西,101101107,吕梁,2,方山,ll,fs
山西,101101108,吕梁,2,交口,ll,jk
山西,101101109,吕梁,2,中阳,ll,zy
山西,101101110,吕梁,2,孝义,ll,xy
山西,101101111,吕梁,2,汾阳,ll,fy
山西,101101112,吕梁,2,文水,ll,ws
山西,101101113,吕梁,2,交城,ll,jc
上海,101020100,上海,1,上海,sh,sh
上海,101020200,上海,2,闵行,sh,mx
上海,101020300,上海,2,宝山,sh,bs
上海,101020500,上海,2,嘉定,sh,jd
上海,101020600,上海,2,浦东南汇,sh,pdnh
上海,101020700,上海,2,金山,sh,js
上海,101020800,上海,2,青浦,sh,qp
上海,101020900,上海,2,松江,sh,sj
上海,101021000,上海,2,奉贤,sh,fx
上海,101021100,上海,2,崇明,sh,cm
上海,101021200,上海,2,徐家汇,sh,xjh
上海,101021300,上海,2,浦东,sh,pd
四川,101270101,成都,1,成都,cd,cd
四川,101270102,成都,2,龙泉驿,cd,lqy
四川,101270103,成都,2,新都,cd,xd
四川,101270104,成都,2,温江,cd,wj
四川,101270105,成都,2,金堂,cd,jt
四川,101270106,成都,2,双流,cd,sl
四川,101270107,成都,2,郫县,cd,px
四川,101270108,成都,2,大邑,cd,dy
四川,101270109,成都,2,蒲江,cd,pj
四川,101270110,成都,2,新津,cd,xj
四川,101270111,成都,2,都江堰,cd,djy
四川,101270112,成都,2,彭州,cd,pz
四川,101270113,成都,2,邛崃,cd,ql
四川,101270114,成都,2,崇州,cd,cz
四川,101270115,成都,2,青白江,cd,qbj
四川,101270201,攀枝花,1,攀枝花,pzh,pzh
四川,101270202,攀枝花,2,仁和,pzh,rh
四川,101270203,攀枝花,2,米易,pzh,my
四川,101270204,攀枝花,2,盐边,pzh,yb
四川,101270301,自贡,1,自贡,zg,zg
四川,101270302,自贡,2,富顺,zg,fs
四川,101270303,自贡,2,荣县,zg,rx
四川,101270401,绵阳,1,绵阳,my,my
四川,101270402,绵阳,2,三台,my,st
四川,101270403,绵阳,2,盐亭,my,yt
四川,101270404,绵阳,2,安县,my,ax
四川,101270405,绵阳,2,梓潼,my,zt
四川,101270406,绵阳,2,北川,my,bc
四川,101270407,绵阳,2,平武,my,pw
四川,101270408,绵阳,2,江油,my,jy
四川,101270501,南充,1,南充,nc,nc
四川,101270502,南充,2,南部,nc,nb
四川,101270503,南充,2,营山,nc,ys
四川,101270504,南充,2,蓬安,nc,pa
四川,101270505,南充,2,仪陇,nc,yl
四川,101270506,南充,2,西充,nc,xc
四川,101270507,南充,2,阆中,nc,lz
四川,101270601,达州,1,达州,dz,dz
四川,101270602,达州,2,宣汉,dz,xh
四川,101270603,达州,2,开江,dz,kj
四川,101270604,达州,2,大竹,dz,dz
四川,101270605,达州,2,渠县,dz,qx
四川,101270606,达州,2,万源,dz,wy
四川,101270607,达州,2,通川,dz,tc
四川,101270608,达州,2,达县,dz,dx
四川,101270701,遂宁,1,遂宁,sn,sn
四川,101270702,遂宁,2,蓬溪,sn,px
四川,101270703,遂宁,2,射洪,sn,sh
四川,101270801,广安,1,广安,ga,ga
四川,101270802,广安,2,岳池,ga,yc
四川,101270803,广安,2,武胜,ga,ws
四川,101270804,广安,2,邻水,ga,ls
四川,101270805,广安,2,华蓥,ga,hy
四川,101270901,巴中,1,巴中,bz,bz
四川,101270902,巴中,2,通江,bz,tj
四川,101270903,巴中,2,南江,bz,nj
四川,101270904,巴中,2,平昌,bz,pc
四川,101271001,泸州,1,泸州,lz,lz
四川,101271003,泸州,2,泸县,lz,lx
四川,101271004,泸州,2,合江,lz,hj
四川,101271005,泸州,2,叙永,lz,xy
四川,101271006,泸州,2,古蔺,lz,gl
四川,101271007,泸州,2,纳溪,lz,nx
四川,101271101,宜宾,1,宜宾,yb,yb
四川,101271103,宜宾,2,宜宾县,yb,ybx
四川,101271104,宜宾,2,南溪,yb,nx
四川,101271105,宜宾,2,江安,yb,ja
四川,101271106,宜宾,2,长宁,yb,zn
四川,101271107,宜宾,2,高县,yb,gx
四川,101271108,宜宾,2,珙县,yb,gx
四川,101271109,宜宾,2,筠连,yb,yl
四川,101271110,宜宾,2,兴文,yb,xw
四川,101271111,宜宾,2,屏山,yb,ps
四川,101271201,内江,1,内江,nj,nj
四川,101271202,内江,2,东兴,nj,dx
四川,101271203,内江,2,威远,nj,wy
四川,101271204,内江,2,资中,nj,zz
四川,101271205,内江,2,隆昌,nj,lc
四川,101271301,资阳,1,资阳,zy,zy
四川,101271302,资阳,2,安岳,zy,ay
四川,101271303,资阳,2,乐至,zy,lz
四川,101271304,资阳,2,简阳,zy,jy
四川,101271401,乐山,1,乐山,ls,ls
四川,101271402,乐山,2,犍为,ls,jw
四川,101271403,乐山,2,井研,ls,jy
四川,101271404,乐山,2,夹江,ls,jj
四川,101271405,乐山,2,沐川,ls,mc
四川,101271406,乐山,2,峨边,ls,eb
四川,101271407,乐山,2,马边,ls,mb
四川,101271408,乐山,2,峨眉,ls,em
四川,101271409,乐山,2,峨眉山,ls,ems
四川,101271501,眉山,1,眉山,ms,ms
四川,101271502,眉山,2,仁寿,ms,rs
四川,101271503,眉山,2,彭山,ms,ps
四川,101271504,眉山,2,洪雅,ms,hy
四川,101271505,眉山,2,丹棱,ms,dl
四川,101271506,眉山,2,青神,ms,qs
四川,101271601,凉山,1,凉山,ls,ls
四川,101271603,凉山,2,木里,ls,ml
四川,101271604,凉山,2,盐源,ls,yy
四川,101271605,凉山,2,德昌,ls,dc
四川,101271606,凉山,2,会理,ls,hl
四川,101271607,凉山,2,会东,ls,hd
四川,101271608,凉山,2,宁南,ls,nn
四川,101271609,凉山,2,普格,ls,pg
四川,101271610,凉山,2,西昌,ls,xc
四川,101271611,凉山,2,金阳,ls,jy
四川,101271612,凉山,2,昭觉,ls,zj
四川,101271613,凉山,2,喜德,ls,xd
四川,101271614,凉山,2,冕宁,ls,mn
四川,101271615,凉山,2,越西,ls,yx
四川,101271616,凉山,2,甘洛,ls,gl
四川,101271617,凉山,2,雷波,ls,lb
四川,101271618,凉山,2,美姑,ls,mg
四川,101271619,凉山,2,布拖,ls,bt
四川,101271701,雅安,1,雅安,ya,ya
四川,101271702,雅安,2,名山,ya,ms
四川,101271703,雅安,2,荥经,ya,yj
四川,101271704,雅安,2,汉源,ya,hy
四川,101271705,雅安,2,石棉,ya,sm
四川,101271706,雅安,2,天全,ya,tq
四川,101271707,雅安,2,芦山,ya,ls
四川,101271708,雅安,2,宝兴,ya,bx
四川,101271801,甘孜,1,甘孜,gz,gz
四川,101271802,甘孜,2,康定,gz,kd
四川,101271803,甘孜,2,泸定,gz,ld
四川,101271804,甘孜,2,丹巴,gz,db
四川,101271805,甘孜,2,九龙,gz,jl
四川,101271806,甘孜,2,雅江,gz,yj
四川,101271807,甘孜,2,道孚,gz,df
四川,101271808,甘孜,2,炉霍,gz,lh
四川,101271809,甘孜,2,新龙,gz,xl
四川,101271810,甘孜,2,德格,gz,dg
四川,101271811,甘孜,2,白玉,gz,by
四川,101271812,甘孜,2,石渠,gz,sq
四川,101271813,甘孜,2,色达,gz,sd
四川,101271814,甘孜,2,理塘,gz,lt
四川,101271815,甘孜,2,巴塘,gz,bt
四川,101271816,甘孜,2,乡城,gz,xc
四川,101271817,甘孜,2,稻城,gz,dc
四川,101271818,甘孜,2,得荣,gz,dr
四川,101271901,阿坝,1,阿坝,ab,ab
四川,101271902,阿坝,2,汶川,ab,wc
四川,101271903,阿坝,2,理县,ab,lx
四川,101271904,阿坝,2,茂县,ab,mx
四川,101271905,阿坝,2,松潘,ab,sp
四川,101271906,阿坝,2,九寨沟,ab,jzg
四川,101271907,阿坝,2,金川,ab,jc
四川,101271908,阿坝,2,小金,ab,xj
四川,101271909,阿坝,2,黑水,ab,hs
四川,101271910,阿坝,2,马尔康,ab,mek
四川,101271911,阿坝,2,壤塘,ab,rt
四川,101271912,阿坝,2,若尔盖,ab,reg
四川,101271913,阿坝,2,红原,ab,hy
四川,101272001,德阳,1,德阳,dy,dy
四川,101272002,德阳,2,中江,dy,zj
四川,101272003,德阳,2,广汉,dy,gh
四川,101272004,德阳,2,什邡,dy,sf
四川,101272005,德阳,2,绵竹,dy,mz
四川,101272006,德阳,2,罗江,dy,lj
四川,101272101,广元,1,广元,gy,gy
四川,101272102,广元,2,旺苍,gy,wc
四川,101272103,广元,2,青川,gy,qc
四川,101272104,广元,2,剑阁,gy,jg
四川,101272105,广元,2,苍溪,gy,cx
天津,101030100,天津,1,天津,tj,tj
天津,101030200,天津,2,武清,tj,wq
天津,101030300,天津,2,宝坻,tj,bc
天津,101030400,天津,2,东丽,tj,dl
天津,101030500,天津,2,西青,tj,xq
天津,101030600,天津,2,北辰,tj,bc
天津,101030700,天津,2,宁河,tj,nh
天津,101030800,天津,2,汉沽,tj,hg
天津,101030900,天津,2,静海,tj,jh
天津,101031000,天津,2,津南,tj,jn
天津,101031100,天津,2,塘沽,tj,tg
天津,101031200,天津,2,大港,tj,dg
天津,101031400,天津,2,蓟县,tj,jx
西藏,101140101,拉萨,1,拉萨,ls,ls
西藏,101140102,拉萨,2,当雄,ls,dx
西藏,101140103,拉萨,2,尼木,ls,nm
西藏,101140104,拉萨,2,林周,ls,lz
西藏,101140105,拉萨,2,堆龙德庆,ls,dldq
西藏,101140106,拉萨,2,曲水,ls,qs
西藏,101140107,拉萨,2,达孜,ls,dz
西藏,101140108,拉萨,2,墨竹工卡,ls,mzgk
西藏,101140201,日喀则,1,日喀则,rkz,rkz
西藏,101140202,日喀则,2,拉孜,rkz,lz
西藏,101140203,日喀则,2,南木林,rkz,nml
西藏,101140204,日喀则,2,聂拉木,rkz,nlm
西藏,101140205,日喀则,2,定日,rkz,dr
西藏,101140206,日喀则,2,江孜,rkz,jz
西藏,101140207,日喀则,2,帕里,rkz,pl
西藏,101140208,日喀则,2,仲巴,rkz,zb
西藏,101140209,日喀则,2,萨嘎,rkz,sg
西藏,101140210,日喀则,2,吉隆,rkz,jl
西藏,101140211,日喀则,2,昂仁,rkz,ar
西藏,101140212,日喀则,2,定结,rkz,dj
西藏,101140213,日喀则,2,萨迦,rkz,sj
西藏,101140214,日喀则,2,谢通门,rkz,xtm
西藏,101140216,日喀则,2,岗巴,rkz,gb
西藏,101140217,日喀则,2,白朗,rkz,bl
西藏,101140218,日喀则,2,亚东,rkz,yd
西藏,101140219,日喀则,2,康马,rkz,km
西藏,101140220,日喀则,2,仁布,rkz,rb
西藏,101140301,山南,1,山南,sn,sn
西藏,101140302,山南,2,贡嘎,sn,gg
西藏,101140303,山南,2,札囊,sn,zn
西藏,101140304,山南,2,加查,sn,jc
西藏,101140305,山南,2,浪卡子,sn,lkz
西藏,101140306,山南,2,错那,sn,cn
西藏,101140307,山南,2,隆子,sn,lz
西藏,101140308,山南,2,泽当,sn,zd
西藏,101140309,山南,2,乃东,sn,nd
西藏,101140310,山南,2,桑日,sn,sr
西藏,101140311,山南,2,洛扎,sn,lz
西藏,101140312,山南,2,措美,sn,cm
西藏,101140313,山南,2,琼结,sn,qj
西藏,101140314,山南,2,曲松,sn,qs
西藏,101140401,林芝,1,林芝,lz,lz
西藏,101140402,林芝,2,波密,lz,bm
西藏,101140403,林芝,2,米林,lz,ml
西藏,101140404,林芝,2,察隅,lz,cy
西藏,101140405,林芝,2,工布江达,lz,gbjd
西藏,101140406,林芝,2,朗县,lz,lx
西藏,101140407,林芝,2,墨脱,lz,mt
西藏,101140501,昌都,1,昌都,cd,cd
西藏,101140502,昌都,2,丁青,cd,dq
西藏,101140503,昌都,2,边坝,cd,bb
西藏,101140504,昌都,2,洛隆,cd,ll
西藏,101140505,昌都,2,左贡,cd,zg
西藏,101140506,昌都,2,芒康,cd,mk
西藏,101140507,昌都,2,类乌齐,cd,lwq
西藏,101140508,昌都,2,八宿,cd,bs
西藏,101140509,昌都,2,江达,cd,jd
西藏,101140510,昌都,2,察雅,cd,cy
西藏,101140511,昌都,2,贡觉,cd,gj
西藏,101140601,那曲,1,那曲,nq,nq
西藏,101140602,那曲,2,尼玛,nq,nm
西藏,101140603,那曲,2,嘉黎,nq,jl
西藏,101140604,那曲,2,班戈,nq,bg
西藏,101140605,那曲,2,安多,nq,ad
西藏,101140606,那曲,2,索县,nq,sx
西藏,101140607,那曲,2,聂荣,nq,nr
西藏,101140608,那曲,2,巴青,nq,bq
西藏,101140609,那曲,2,比如,nq,br
西藏,101140610,那曲,2,双湖,nq,sh
西藏,101140701,阿里,1,阿里,al,al
西藏,101140702,阿里,2,改则,al,gz
西藏,101140703,阿里,2,申扎,al,sz
西藏,101140704,阿里,2,狮泉河,al,sqh
西藏,101140705,阿里,2,普兰,al,pl
西藏,101140706,阿里,2,札达,al,zd
西藏,101140707,阿里,2,噶尔,al,ge
西藏,101140708,阿里,2,日土,al,rt
西藏,101140709,阿里,2,革吉,al,gj
西藏,101140710,阿里,2,措勤,al,cq
新疆,101130101,乌鲁木齐,1,乌鲁木齐,wlmq,wlmq
新疆,101130103,乌鲁木齐,2,小渠子,wlmq,xqz
新疆,101130105,乌鲁木齐,2,达坂城,wlmq,dbc
新疆,101130108,乌鲁木齐,2,乌鲁木齐牧试站,wlmq,wlmqmsz
新疆,101130109,乌鲁木齐,2,天池,wlmq,tc
新疆,101130110,乌鲁木齐,2,白杨沟,wlmq,byg
新疆,101130201,克拉玛依,1,克拉玛依,klmy,klmy
新疆,101130202,克拉玛依,2,乌尔禾,klmy,weh
新疆,101130203,克拉玛依,2,白碱滩,klmy,bjt
新疆,101130301,石河子,1,石河子,shz,shz
新疆,101130302,石河子,2,炮台,shz,pt
新疆,101130303,石河子,2,莫索湾,shz,msw
新疆,101130401,昌吉,1,昌吉,cj,cj
新疆,101130402,昌吉,2,呼图壁,cj,htb
新疆,101130403,昌吉,2,米泉,cj,mq
新疆,101130404,昌吉,2,阜康,cj,fk
新疆,101130405,昌吉,2,吉木萨尔,cj,jmse
新疆,101130406,昌吉,2,奇台,cj,qt
新疆,101130407,昌吉,2,玛纳斯,cj,mns
新疆,101130408,昌吉,2,木垒,cj,ml
新疆,101130409,昌吉,2,蔡家湖,cj,cjh
新疆,101130501,吐鲁番,1,吐鲁番,tlf,tlf
新疆,101130502,吐鲁番,2,托克逊,tlf,tkx
新疆,101130504,吐鲁番,2,鄯善,tlf,ss
新疆,101130601,巴音郭楞,2,库尔勒,bygl,kel
新疆,101130602,巴音郭楞,2,轮台,bygl,lt
新疆,101130603,巴音郭楞,2,尉犁,bygl,wl
新疆,101130604,巴音郭楞,2,若羌,bygl,rq
新疆,101130605,巴音郭楞,2,且末,bygl,qm
新疆,101130606,巴音郭楞,2,和静,bygl,hj
新疆,101130607,巴音郭楞,2,焉耆,bygl,yq
新疆,101130608,巴音郭楞,2,和硕,bygl,hs
新疆,101130610,巴音郭楞,2,巴音布鲁克,bygl,byblk
新疆,101130611,巴音郭楞,2,铁干里克,bygl,tglk
新疆,101130612,巴音郭楞,2,博湖,bygl,bh
新疆,101130613,巴音郭楞,2,塔中,bygl,tz
新疆,101130614,巴音郭楞,2,巴仑台,bygl,blt
新疆,101130701,阿拉尔,1,阿拉尔,ale,ale
新疆,101130801,阿克苏,1,阿克苏,aks,aks
新疆,101130802,阿克苏,2,乌什,aks,ws
新疆,101130803,阿克苏,2,温宿,aks,ws
新疆,101130804,阿克苏,2,拜城,aks,bc
新疆,101130805,阿克苏,2,新和,aks,xh
新疆,101130806,阿克苏,2,沙雅,aks,sy
新疆,101130807,阿克苏,2,库车,aks,kc
新疆,101130808,阿克苏,2,柯坪,aks,kp
新疆,101130809,阿克苏,2,阿瓦提,aks,awt
新疆,101130901,喀什,1,喀什,ks,ks
新疆,101130902,喀什,2,英吉沙,ks,yjs
新疆,101130903,喀什,2,塔什库尔干,ks,tskeg
新疆,101130904,喀什,2,麦盖提,ks,mgt
新疆,101130905,喀什,2,莎车,ks,sc
新疆,101130906,喀什,2,叶城,ks,yc
新疆,101130907,喀什,2,泽普,ks,zp
新疆,101130908,喀什,2,巴楚,ks,bc
新疆,101130909,喀什,2,岳普湖,ks,yph
新疆,101130910,喀什,2,伽师,ks,js
新疆,101130911,喀什,2,疏附,ks,sf
新疆,101130912,喀什,2,疏勒,ks,sl
新疆,101131001,伊犁,2,伊宁,yl,yn
新疆,101131002,伊犁,2,察布查尔,yl,cbce
新疆,101131003,伊犁,2,尼勒克,yl,nlk
新疆,101131004,伊犁,2,伊宁县,yl,ynx
新疆,101131005,伊犁,2,巩留,yl,gl
新疆,101131006,伊犁,2,新源,yl,xy
新疆,101131007,伊犁,2,昭苏,yl,zs
新疆,101131008,伊犁,2,特克斯,yl,tks
新疆,101131009,伊犁,2,霍城,yl,hc
新疆,101131010,伊犁,2,霍尔果斯,yl,hegs
新疆,101131011,伊犁,2,奎屯,yl,kt
新疆,101131101,塔城,1,塔城,tc,tc
新疆,101131102,塔城,2,裕民,tc,ym
新疆,101131103,塔城,2,额敏,tc,em
新疆,101131104,塔城,2,和布克赛尔,tc,hbkse
新疆,101131105,塔城,2,托里,tc,tl
新疆,101131106,塔城,2,乌苏,tc,ws
新疆,101131107,塔城,2,沙湾,tc,sw
新疆,101131201,哈密,1,哈密,hm,hm
新疆,101131203,哈密,2,巴里坤,hm,blk
新疆,101131204,哈密,2,伊吾,hm,yw
新疆,101131301,和田,1,和田,ht,ht
新疆,101131302,和田,2,皮山,ht,ps
新疆,101131303,和田,2,策勒,ht,cl
新疆,101131304,和田,2,墨玉,ht,my
新疆,101131305,和田,2,洛浦,ht,lp
新疆,101131306,和田,2,民丰,ht,mf
新疆,101131307,和田,2,于田,ht,yt
新疆,101131401,阿勒泰,1,阿勒泰,alt,alt
新疆,101131402,阿勒泰,2,哈巴河,alt,hbh
新疆,101131405,阿勒泰,2,吉木乃,alt,jmn
新疆,101131406,阿勒泰,2,布尔津,alt,bej
新疆,101131407,阿勒泰,2,福海,alt,fh
新疆,101131408,阿勒泰,2,富蕴,alt,fy
新疆,101131409,阿勒泰,2,青河,alt,qh
新疆,101131501,克州,2,阿图什,kz,ats
新疆,101131502,克州,2,乌恰,kz,wq
新疆,101131503,克州,2,阿克陶,kz,akt
新疆,101131504,克州,2,阿合奇,kz,ahq
新疆,101131601,博尔塔拉,2,博乐,betl,bl
新疆,101131602,博尔塔拉,2,温泉,betl,wq
新疆,101131603,博尔塔拉,2,精河,betl,jh
新疆,101131606,博尔塔拉,2,阿拉山口,betl,alsk
云南,101290101,昆明,1,昆明,km,km
云南,101290103,昆明,2,东川,km,dc
云南,101290104,昆明,2,寻甸,km,xd
云南,101290105,昆明,2,晋宁,km,jn
云南,101290106,昆明,2,宜良,km,yl
云南,101290107,昆明,2,石林,km,sl
云南,101290108,昆明,2,呈贡,km,cg
云南,101290109,昆明,2,富民,km,fm
云南,101290110,昆明,2,嵩明,km,sm
云南,101290111,昆明,2,禄劝,km,lq
云南,101290112,昆明,2,安宁,km,an
云南,101290113,昆明,2,太华山,km,ths
云南,101290201,大理,1,大理,dl,dl
云南,101290202,大理,2,云龙,dl,yl
云南,101290203,大理,2,漾濞,dl,yb
云南,101290204,大理,2,永平,dl,yp
云南,101290205,大理,2,宾川,dl,bc
云南,101290206,大理,2,弥渡,dl,md
云南,101290207,大理,2,祥云,dl,xy
云南,101290208,大理,2,巍山,dl,ws
云南,101290209,大理,2,剑川,dl,jc
云南,101290210,大理,2,洱源,dl,ey
云南,101290211,大理,2,鹤庆,dl,hq
云南,101290212,大理,2,南涧,dl,nj
云南,101290301,红河,1,红河,hh,hh
云南,101290302,红河,2,石屏,hh,sp
云南,101290303,红河,2,建水,hh,js
云南,101290304,红河,2,弥勒,hh,ml
云南,101290305,红河,2,元阳,hh,yy
云南,101290306,红河,2,绿春,hh,lc
云南,101290307,红河,2,开远,hh,ky
云南,101290308,红河,2,个旧,hh,gj
云南,101290309,红河,2,蒙自,hh,mz
云南,101290310,红河,2,屏边,hh,pb
云南,101290311,红河,2,泸西,hh,lx
云南,101290312,红河,2,金平,hh,jp
云南,101290313,红河,2,河口,hh,hk
云南,101290401,曲靖,1,曲靖,qj,qj
云南,101290402,曲靖,2,沾益,qj,zy
云南,101290403,曲靖,2,陆良,qj,ll
云南,101290404,曲靖,2,富源,qj,fy
云南,101290405,曲靖,2,马龙,qj,ml
云南,101290406,曲靖,2,师宗,qj,sz
云南,101290407,曲靖,2,罗平,qj,lp
云南,101290408,曲靖,2,会泽,qj,hz
云南,101290409,曲靖,2,宣威,qj,xw
云南,101290501,保山,1,保山,bs,bs
云南,101290503,保山,2,龙陵,bs,ll
云南,101290504,保山,2,施甸,bs,sd
云南,101290505,保山,2,昌宁,bs,cn
云南,101290506,保山,2,腾冲,bs,tc
云南,101290601,文山,1,文山,ws,ws
云南,101290602,文山,2,西畴,ws,xc
云南,101290603,文山,2,马关,ws,mg
云南,101290604,文山,2,麻栗坡,ws,mlp
云南,101290605,文山,2,砚山,ws,ys
云南,101290606,文山,2,丘北,ws,qb
云南,101290607,文山,2,广南,ws,gn
云南,101290608,文山,2,富宁,ws,fn
云南,101290701,玉溪,1,玉溪,yx,yx
云南,101290702,玉溪,2,澄江,yx,cj
云南,101290703,玉溪,2,江川,yx,jc
云南,101290704,玉溪,2,通海,yx,th
云南,101290705,玉溪,2,华宁,yx,hn
云南,101290706,玉溪,2,新平,yx,xp
云南,101290707,玉溪,2,易门,yx,ym
云南,101290708,玉溪,2,峨山,yx,es
云南,101290709,玉溪,2,元江,yx,yj
云南,101290801,楚雄,1,楚雄,cx,cx
云南,101290802,楚雄,2,大姚,cx,dy
云南,101290803,楚雄,2,元谋,cx,ym
云南,101290804,楚雄,2,姚安,cx,ya
云南,101290805,楚雄,2,牟定,cx,md
云南,101290806,楚雄,2,南华,cx,nh
云南,101290807,楚雄,2,武定,cx,wd
云南,101290808,楚雄,2,禄丰,cx,lf
云南,101290809,楚雄,2,双柏,cx,sb
云南,101290810,楚雄,2,永仁,cx,yr
云南,101290901,普洱,1,普洱,pe,pe
云南,101290902,普洱,2,景谷,pe,jg
云南,101290903,普洱,2,景东,pe,jd
云南,101290904,普洱,2,澜沧,pe,lc
云南,101290906,普洱,2,墨江,pe,mj
云南,101290907,普洱,2,江城,pe,jc
云南,101290908,普洱,2,孟连,pe,ml
云南,101290909,普洱,2,西盟,pe,xm
云南,101290911,普洱,2,镇沅,pe,zy
云南,101290912,普洱,2,宁洱,pe,ne
云南,101291001,昭通,1,昭通,zt,zt
云南,101291002,昭通,2,鲁甸,zt,ld
云南,101291003,昭通,2,彝良,zt,yl
云南,101291004,昭通,2,镇雄,zt,zx
云南,101291005,昭通,2,威信,zt,wx
云南,101291006,昭通,2,巧家,zt,qj
云南,101291007,昭通,2,绥江,zt,sj
云南,101291008,昭通,2,永善,zt,ys
云南,101291009,昭通,2,盐津,zt,yj
云南,101291010,昭通,2,大关,zt,dg
云南,101291011,昭通,2,水富,zt,sf
云南,101291101,临沧,1,临沧,lc,lc
云南,101291102,临沧,2,沧源,lc,cy
云南,101291103,临沧,2,耿马,lc,gm
云南,101291104,临沧,2,双江,lc,sj
云南,101291105,临沧,2,凤庆,lc,fq
云南,101291106,临沧,2,永德,lc,yd
云南,101291107,临沧,2,云县,lc,yx
云南,101291108,临沧,2,镇康,lc,zk
云南,101291201,怒江,1,怒江,nj,nj
云南,101291203,怒江,2,福贡,nj,fg
云南,101291204,怒江,2,兰坪,nj,lp
云南,101291205,怒江,2,泸水,nj,ls
云南,101291206,怒江,2,六库,nj,lk
云南,101291207,怒江,2,贡山,nj,gs
云南,101291301,迪庆,2,香格里拉,dq,xgll
云南,101291302,迪庆,2,德钦,dq,dq
云南,101291303,迪庆,2,维西,dq,wx
云南,101291304,迪庆,2,中甸,dq,zd
云南,101291401,丽江,1,丽江,lj,lj
云南,101291402,丽江,2,永胜,lj,ys
云南,101291403,丽江,2,华坪,lj,hp
云南,101291404,丽江,2,宁蒗,lj,nl
云南,101291501,德宏,1,德宏,dh,dh
云南,101291503,德宏,2,陇川,dh,lc
云南,101291504,德宏,2,盈江,dh,yj
云南,101291506,德宏,2,瑞丽,dh,rl
云南,101291507,德宏,2,梁河,dh,lh
云南,101291508,德宏,2,潞西,dh,lx
云南,101291601,西双版纳,2,景洪,xsbn,jh
云南,101291603,西双版纳,2,勐海,xsbn,mh
云南,101291605,西双版纳,2,勐腊,xsbn,ml
浙江,101210101,杭州,1,杭州,hz,hz
浙江,101210102,杭州,2,萧山,hz,xs
浙江,101210103,杭州,2,桐庐,hz,tl
浙江,101210104,杭州,2,淳安,hz,ca
浙江,101210105,杭州,2,建德,hz,jd
浙江,101210106,杭州,2,余杭,hz,yh
浙江,101210107,杭州,2,临安,hz,la
浙江,101210108,杭州,2,富阳,hz,fy
浙江,101210201,湖州,1,湖州,hz,hz
浙江,101210202,湖州,2,长兴,hz,zx
浙江,101210203,湖州,2,安吉,hz,aj
浙江,101210204,湖州,2,德清,hz,dq
浙江,101210301,嘉兴,1,嘉兴,jx,jx
浙江,101210302,嘉兴,2,嘉善,jx,js
浙江,101210303,嘉兴,2,海宁,jx,hn
浙江,101210304,嘉兴,2,桐乡,jx,tx
浙江,101210305,嘉兴,2,平湖,jx,ph
浙江,101210306,嘉兴,2,海盐,jx,hy
浙江,101210401,宁波,1,宁波,nb,nb
浙江,101210403,宁波,2,慈溪,nb,cx
浙江,101210404,宁波,2,余姚,nb,yy
浙江,101210405,宁波,2,奉化,nb,fh
浙江,101210406,宁波,2,象山,nb,xs
浙江,101210408,宁波,2,宁海,nb,nh
浙江,101210410,宁波,2,北仑,nb,bl
浙江,101210411,宁波,2,鄞州,nb,yz
浙江,101210412,宁波,2,镇海,nb,zh
浙江,101210501,绍兴,1,绍兴,sx,sx
浙江,101210502,绍兴,2,诸暨,sx,zj
浙江,101210503,绍兴,2,上虞,sx,sy
浙江,101210504,绍兴,2,新昌,sx,xc
浙江,101210505,绍兴,2,嵊州,sx,sz
浙江,101210601,台州,1,台州,tz,tz
浙江,101210603,台州,2,玉环,tz,yh
浙江,101210604,台州,2,三门,tz,sm
浙江,101210605,台州,2,天台,tz,tt
浙江,101210606,台州,2,仙居,tz,xj
浙江,101210607,台州,2,温岭,tz,wl
浙江,101210609,台州,2,洪家,tz,hj
浙江,101210610,台州,2,临海,tz,lh
浙江,101210611,台州,2,椒江,tz,jj
浙江,101210612,台州,2,黄岩,tz,hy
浙江,101210613,台州,2,路桥,tz,lq
浙江,101210701,温州,1,温州,wz,wz
浙江,101210702,温州,2,泰顺,wz,ts
浙江,101210703,温州,2,文成,wz,wc
浙江,101210704,温州,2,平阳,wz,py
浙江,101210705,温州,2,瑞安,wz,ra
浙江,101210706,温州,2,洞头,wz,dt
浙江,101210707,温州,2,乐清,wz,lq
浙江,101210708,温州,2,永嘉,wz,yj
浙江,101210709,温州,2,苍南,wz,cn
浙江,101210801,丽水,1,丽水,ls,ls
浙江,101210802,丽水,2,遂昌,ls,sc
浙江,101210803,丽水,2,龙泉,ls,lq
浙江,101210804,丽水,2,缙云,ls,jy
浙江,101210805,丽水,2,青田,ls,qt
浙江,101210806,丽水,2,云和,ls,yh
浙江,101210807,丽水,2,庆元,ls,qy
浙江,101210808,丽水,2,松阳,ls,sy
浙江,101210809,丽水,2,景宁,ls,jn
浙江,101210901,金华,1,金华,jh,jh
浙江,101210902,金华,2,浦江,jh,pj
浙江,101210903,金华,2,兰溪,jh,lx
浙江,101210904,金华,2,义乌,jh,yw
浙江,101210905,金华,2,东阳,jh,dy
浙江,101210906,金华,2,武义,jh,wy
浙江,101210907,金华,2,永康,jh,yk
浙江,101210908,金华,2,磐安,jh,pa
浙江,101211001,衢州,1,衢州,qz,qz
浙江,101211002,衢州,2,常山,qz,cs
浙江,101211003,衢州,2,开化,qz,kh
浙江,101211004,衢州,2,龙游,qz,ly
浙江,101211005,衢州,2,江山,qz,js
浙江,101211006,衢州,2,衢江,qz,qj
浙江,101211101,舟山,1,舟山,zs,zs
浙江,101211102,舟山,2,嵊泗,zs,ss
浙江,101211104,舟山,2,岱山,zs,ds
浙江,101211105,舟山,2,普陀,zs,pt
浙江,101211106,舟山,2,定海,zs,dh
香港,101320101,香港,1,香港,xg,xg
香港,101320102,香港,2,九龙,xg,jl
香港,101320103,香港,2,新界,xg,xj
澳门,101330101,澳门,1,澳门,am,am
澳门,101330102,澳门,2,胱械,am,dzd
澳门,101330103,澳门,2,路环岛,am,lhd
台湾,101340101,台北,1,台北,tb,tb
台湾,101340102,台北,2,桃园,tb,ty
台湾,101340103,台北,2,新竹,tb,xz
台湾,101340104,台北,2,宜兰,tb,yl
台湾,101340201,高雄,1,高雄,gx,gx
台湾,101340202,高雄,2,嘉义,gx,jy
台湾,101340203,高雄,2,台南,gx,tn
台湾,101340204,高雄,2,台东,gx,td
台湾,101340205,高雄,2,屏东,gx,pd
台湾,101340401,台中,1,台中,tz,tz
台湾,101340402,台中,2,苗栗,tz,ml
台湾,101340403,台中,2,彰化,tz,zh
台湾,101340404,台中,2,南投,tz,nt
台湾,101340405,台中,2,花莲,tz,hl
台湾,101340406,台中,2,云林,tz,yl
